x,y
-2,5.6488697847251E-05
-1.998,5.72377082021636E-05
-1.996,5.80067958586773E-05
-1.994,5.87968330555795E-05
-1.992,5.96086875936625E-05
-1.99,6.04432758744442E-05
-1.988,6.11662297422704E-05
-1.986,6.1602640828209E-05
-1.984,6.20453241092618E-05
-1.982,6.24944157821835E-05
-1.98,6.29500560157139E-05
-1.978,6.34124205115401E-05
-1.976,6.38815954628097E-05
-1.974,6.43577648146044E-05
-1.972,6.48410861489815E-05
-1.97,6.53317218175285E-05
-1.968,6.58298729792029E-05
-1.966,6.6335644888709E-05
-1.964,6.6849248677116E-05
-1.962,6.73708676788789E-05
-1.96,6.79006909956257E-05
-1.958,6.84389503175995E-05
-1.956,6.89857743787912E-05
-1.954,6.95414070182492E-05
-1.952,7.01060628051736E-05
-1.95,7.0679963334769E-05
-1.948,7.1263377193715E-05
-1.946,7.18564622256753E-05
-1.944,7.24595019314986E-05
-1.942,7.30727490596165E-05
-1.94,7.36964649878458E-05
-1.938,7.43309632595986E-05
-1.936,7.49764380685835E-05
-1.934,7.5633221419801E-05
-1.932,7.63016131234006E-05
-1.93,7.69819236820454E-05
-1.928,7.76745219072493E-05
-1.926,7.83796477447175E-05
-1.924,7.90976930663457E-05
-1.922,7.98290162258712E-05
-1.92,8.05739889538097E-05
-1.918,8.1332996987502E-05
-1.916,8.21064934048601E-05
-1.914,8.28947896738997E-05
-1.912,8.36983693857521E-05
-1.91,8.45176813630589E-05
-1.908,8.53531921760463E-05
-1.906,8.62054450861213E-05
-1.904,8.70748299319728E-05
-1.902,8.79619289776144E-05
-1.9,8.88672892005415E-05
-1.898,8.97914803318076E-05
-1.896,9.07351603708516E-05
-1.894,9.16988209537537E-05
-1.892,9.26831705464469E-05
-1.89,9.36888826429634E-05
-1.888,9.47166602905582E-05
-1.886,9.57673093800339E-05
-1.884,9.68414554060229E-05
-1.882,9.79399704496745E-05
-1.88,9.90636933111885E-05
-1.878,0.000100213501733772
-1.876,0.000101390395002721
-1.874,0.000102595177064848
-1.872,0.000103828935339719
-1.87,0.000105092727911643
-1.868,0.000106387665015164
-1.866,0.000107715002932709
-1.864,0.000109075787220408
-1.862,0.000110471393518954
-1.86,0.000111903175777159
-1.858,0.000113372559057803
-1.856,0.000114881147375459
-1.854,0.000116430319182805
-1.852,0.00011802184326146
-1.85,0.000119657480462177
-1.848,0.000121339090620393
-1.846,0.000122559990961201
-1.844,0.000123436074578533
-1.842,0.000124324773216559
-1.84,0.000125226361323056
-1.838,0.000126141121365005
-1.836,0.000127069344123638
-1.834,0.000128011393013978
-1.832,0.000128967449321082
-1.83,0.000129937893747348
-1.828,0.0001309230535552
-1.826,0.000131923266007806
-1.824,0.000132938947788228
-1.822,0.000133970320340829
-1.82,0.000135017821297585
-1.818,0.000136081831959137
-1.816,0.00013716274574099
-1.814,0.000138261043330795
-1.812,0.000139376995717968
-1.81,0.000140511109159568
-1.808,0.000141663830623183
-1.806,0.000142835621865009
-1.804,0.000144027041076962
-1.802,0.000145238420781803
-1.8,0.000146470350624845
-1.798,0.000147723358005827
-1.796,0.000148997988527155
-1.794,0.000150294895022538
-1.792,0.000151614487001131
-1.79,0.000152957456317501
-1.788,0.000154324429738076
-1.786,0.000155716056636849
-1.784,0.000157133106472411
-1.782,0.000158576085859039
-1.78,0.000160045813114004
-1.778,0.000161543038914835
-1.776,0.000163068542294629
-1.774,0.000164623237856142
-1.772,0.000166207755799255
-1.77,0.00016782307252579
-1.768,0.000169470094817194
-1.766,0.000171149765404482
-1.764,0.000172863181492836
-1.762,0.000174611132141749
-1.76,0.00017639479359742
-1.758,0.000178215271517232
-1.756,0.000180073717678175
-1.754,0.000181971332406891
-1.752,0.000183909499284836
-1.75,0.000185889262281036
-1.748,0.000187912112917563
-1.746,0.000189979473311595
-1.744,0.000192092828859546
-1.742,0.000194253879196851
-1.74,0.000196463955771052
-1.738,0.000198724900307635
-1.736,0.00020103848944705
-1.734,0.000203406583540117
-1.732,0.000205831297131146
-1.73,0.00020831434634864
-1.728,0.000210858035709138
-1.726,0.000213464614070987
-1.724,0.000216136442883834
-1.722,0.000218876190459905
-1.72,0.000221686095951977
-1.718,0.000224569086135403
-1.716,0.000227528049942407
-1.714,0.000230566030598634
-1.712,0.000233686449380868
-1.71,0.000236892269538985
-1.708,0.000240187271012868
-1.706,0.000243575227638177
-1.704,0.000245561546980192
-1.702,0.000247320174805127
-1.7,0.000249104052514248
-1.698,0.00025091385078761
-1.696,0.000252750138716385
-1.694,0.000254613502173912
-1.692,0.000256504672944017
-1.69,0.000258424017282106
-1.688,0.000260372301879308
-1.686,0.000262350186258384
-1.684,0.000264358350135406
-1.682,0.000266397632807285
-1.68,0.000268468481695378
-1.678,0.000270571778412283
-1.676,0.000272708291610385
-1.674,0.000274878814413314
-1.672,0.0002770841653976
-1.67,0.000279325342009877
-1.668,0.000281602914590166
-1.666,0.000283917934408303
-1.664,0.00028627133266574
-1.662,0.000288664071696939
-1.66,0.000291097311784552
-1.658,0.000293571753351563
-1.656,0.000296088623025979
-1.654,0.000298649021486981
-1.652,0.00030125408781792
-1.65,0.000303905181583346
-1.648,0.000306603166276526
-1.646,0.000309349483954308
-1.644,0.00031214544514562
-1.642,0.000314992408190787
-1.64,0.00031789197881548
-1.638,0.00032084522664394
-1.636,0.000323853860945248
-1.634,0.000326919454580863
-1.632,0.000330043640536063
-1.63,0.000333228331697564
-1.628,0.000336474860661949
-1.626,0.000339785271635761
-1.624,0.000343161468865134
-1.622,0.000346605433040163
-1.62,0.00035011946459075
-1.618,0.000353705235044728
-1.616,0.000357365213288402
-1.614,0.000361101727011326
-1.612,0.000364917202282443
-1.61,0.000368814434474929
-1.608,0.000372795536938431
-1.606,0.000376863523880046
-1.604,0.000381021270958961
-1.602,0.000385271782152887
-1.6,0.000389618196996135
-1.598,0.000394064101606966
-1.596,0.000398612330823321
-1.594,0.000403266775937261
-1.592,0.00040803120163595
-1.59,0.000412909552646371
-1.588,0.000417906305732744
-1.586,0.000423025125379029
-1.584,0.000428270898072363
-1.582,0.00043364840600332
-1.58,0.000439162674603617
-1.578,0.000444819374663888
-1.576,0.000450623303561684
-1.574,0.000456580692165628
-1.572,0.000462697708381154
-1.57,0.000468980855138958
-1.568,0.000475437434940751
-1.566,0.000482073821320091
-1.564,0.000488470148701953
-1.562,0.00049194913707125
-1.56,0.000495478037113434
-1.558,0.000499058173905203
-1.556,0.000502690177905196
-1.554,0.000506375434857322
-1.552,0.000510115124614549
-1.55,0.000513910462143017
-1.548,0.000517762960633329
-1.546,0.00052167338966455
-1.544,0.00052564333559709
-1.542,0.000529674167625322
-1.54,0.000533767297266163
-1.538,0.000537924462587721
-1.536,0.000542146604065676
-1.534,0.000546435548620757
-1.532,0.000550792894341356
-1.53,0.00055522029069903
-1.528,0.000559719746573766
-1.526,0.00056429241368365
-1.524,0.000568940409603759
-1.522,0.000573665611211577
-1.52,0.000578469958258647
-1.518,0.000583355456025595
-1.516,0.000588324516126067
-1.514,0.00059337861322087
-1.512,0.000598520298839315
-1.51,0.000603751869773552
-1.508,0.000609075703827422
-1.506,0.000614494632173355
-1.504,0.000620010474786342
-1.502,0.000625626237200323
-1.5,0.000631344659311255
-1.498,0.000637168582113234
-1.496,0.000643101356290712
-1.494,0.000649145239274048
-1.492,0.000655303801146014
-1.49,0.000661580337108778
-1.488,0.000667978269831909
-1.486,0.000674501599965221
-1.484,0.000681153144379855
-1.482,0.000687937182736001
-1.48,0.000694857713633122
-1.478,0.000701918898206679
-1.476,0.000709125559544387
-1.474,0.000716481237497437
-1.472,0.00072399111414031
-1.47,0.00073166008958549
-1.468,0.000739493273788719
-1.466,0.000747496543558463
-1.464,0.000755674384040511
-1.462,0.000764033139937445
-1.46,0.000772578881888231
-1.458,0.000781317955205455
-1.456,0.000790257605457717
-1.454,0.000799403569992701
-1.452,0.000808763713046844
-1.45,0.000818345647144381
-1.448,0.00082815734989648
-1.446,0.000838207872278076
-1.444,0.000848504634873706
-1.442,0.000859057519941208
-1.44,0.000869876204043735
-1.438,0.000880970857415211
-1.436,0.000892352175849151
-1.434,0.000904032213210347
-1.432,0.00091602124739909
-1.43,0.000928332546124257
-1.428,0.000940979280077337
-1.426,0.000953975347562845
-1.424,0.000967336339255434
-1.422,0.00097833522503621
-1.42,0.000985313156865415
-1.418,0.000992391343323794
-1.416,0.000999571960639902
-1.414,0.00100685774348824
-1.412,0.00101425001460956
-1.41,0.00102175163552603
-1.408,0.00102936505064396
-1.406,0.001037092777773
-1.404,0.00104493794405398
-1.402,0.00105290216441314
-1.4,0.00106098871922394
-1.398,0.00106920044898066
-1.396,0.00107754028280171
-1.394,0.00108601181780243
-1.392,0.00109461702834994
-1.39,0.00110335969795528
-1.388,0.00111224314677917
-1.386,0.00112127080277624
-1.384,0.00113044683008468
-1.382,0.00113977364807708
-1.38,0.00114925564933786
-1.378,0.00115889673935801
-1.376,0.00116870095578966
-1.374,0.00117867315243847
-1.372,0.00118881630350109
-1.37,0.00119913554505922
-1.368,0.00120963550280201
-1.366,0.00122032096586498
-1.364,0.00123119763427298
-1.362,0.00124226917935019
-1.36,0.00125354165302236
-1.358,0.00126502057511492
-1.356,0.00127671166950623
-1.354,0.00128862087364468
-1.352,0.00130075517475722
-1.35,0.00131311933164278
-1.348,0.00132572079595034
-1.346,0.00133856646590348
-1.344,0.00135166350970518
-1.342,0.00136502028868046
-1.34,0.00137864275044614
-1.338,0.00139253984853409
-1.336,0.0014067199727448
-1.334,0.00142119185812508
-1.332,0.00143596560974549
-1.33,0.00145104871570144
-1.328,0.00146645204529962
-1.326,0.00148218590577264
-1.324,0.00149826105150419
-1.322,0.00151468982879863
-1.32,0.00153148174597893
-1.318,0.00154865014873998
-1.316,0.00156620784220456
-1.314,0.00158416821886274
-1.312,0.00160254654662174
-1.31,0.00162135501895671
-1.308,0.00164061023010199
-1.306,0.00166032828776213
-1.304,0.00168052608343878
-1.302,0.00170122275385433
-1.3,0.00172243411563353
-1.298,0.00174418109505276
-1.296,0.00176648423921716
-1.294,0.00178936515980219
-1.292,0.00181284820759945
-1.29,0.00183695417211938
-1.288,0.00186170986415336
-1.286,0.0018871419106759
-1.284,0.00191327841377262
-1.282,0.00194015089220416
-1.28,0.00195850887473241
-1.278,0.00197249106937332
-1.276,0.00198667434304181
-1.274,0.00200106306475315
-1.272,0.00201566173101841
-1.27,0.00203047597707981
-1.268,0.00204550857056106
-1.266,0.00206076541134055
-1.264,0.00207625155490763
-1.262,0.00209197220986526
-1.26,0.00210793382858113
-1.258,0.00212413979080127
-1.256,0.00214059686906352
-1.254,0.00215731094561428
-1.252,0.00217428808786332
-1.25,0.00219153572829237
-1.248,0.00220905800071622
-1.246,0.00222686272772199
-1.244,0.00224495679444724
-1.242,0.00226334731163961
-1.24,0.00228204289638935
-1.238,0.00230104861751696
-1.236,0.00232037357108098
-1.234,0.00234002586825472
-1.232,0.00236001389734746
-1.23,0.00238034771905621
-1.228,0.00240103356991955
-1.226,0.00242208210361615
-1.224,0.00244350294282227
-1.222,0.00246530605366254
-1.22,0.002487503271832
-1.218,0.00251010230382778
-1.216,0.00253311572615881
-1.214,0.0025565550420808
-1.212,0.00258043218459162
-1.21,0.00260476119312816
-1.208,0.00262955164090185
-1.206,0.00265481850206273
-1.204,0.00268057564314837
-1.202,0.00270683747410298
-1.2,0.00273361897515984
-1.198,0.00276093758636356
-1.196,0.00278880583143657
-1.194,0.00281724240390012
-1.192,0.00284626486801628
-1.19,0.00287589151934978
-1.188,0.00290614348515852
-1.186,0.00293703656165948
-1.184,0.00296859349837438
-1.182,0.0030008359262187
-1.18,0.00303378642617589
-1.178,0.00306747087924679
-1.176,0.00310190938577499
-1.174,0.00313712995499566
-1.172,0.00317315953260971
-1.17,0.00321002631657317
-1.168,0.00324776240588149
-1.166,0.00328639364031481
-1.164,0.003325954953448
-1.162,0.00336648034315744
-1.16,0.00340800548475883
-1.158,0.00345057074259719
-1.156,0.00349420972936083
-1.154,0.00353896664938656
-1.152,0.00358488501848894
-1.15,0.00363201064065617
-1.148,0.00368039506740802
-1.146,0.00373008262460853
-1.144,0.00378113016651374
-1.142,0.00383359430351846
-1.14,0.00388753483216024
-1.138,0.003916862302591
-1.136,0.0039448244644607
-1.134,0.00397318873616514
-1.132,0.00400196385433281
-1.13,0.00403115881053258
-1.128,0.00406078487357635
-1.126,0.00409084757747617
-1.124,0.00412135872020542
-1.122,0.00415232841106024
-1.12,0.00418376706550006
-1.118,0.00421568541682641
-1.116,0.00424809673131981
-1.114,0.00428100804361277
-1.112,0.0043144332856
-1.11,0.00434838458998746
-1.108,0.00438287447441085
-1.106,0.00441791823939055
-1.104,0.00445352449275378
-1.102,0.00448970934722191
-1.1,0.00452648702171299
-1.098,0.0045638722048929
-1.096,0.00460188265985672
-1.094,0.00464052894779178
-1.092,0.00467982983060181
-1.09,0.00471980208173692
-1.088,0.00476046305265856
-1.086,0.004801833512601
-1.084,0.00484392646597958
-1.082,0.00488676392074518
-1.08,0.00493036580521685
-1.078,0.00497475276535405
-1.076,0.00501994927351064
-1.074,0.00506597141486051
-1.072,0.00511284521223113
-1.07,0.00516059452669562
-1.068,0.00520924411909278
-1.066,0.00525882306872098
-1.064,0.00530935138028877
-1.062,0.00536086009346167
-1.06,0.00541337802189669
-1.058,0.00546693511951913
-1.056,0.00552156625913212
-1.054,0.00557729648178256
-1.052,0.00563416316652075
-1.05,0.00569220143389
-1.048,0.00575144786662145
-1.046,0.00581194470990294
-1.044,0.00587372354780933
-1.042,0.00593682986909551
-1.04,0.0060013069252386
-1.038,0.00606719986728
-1.036,0.00613455585126697
-1.034,0.00620342884836736
-1.032,0.00627386108207255
-1.03,0.00634591102400632
-1.028,0.00641963505565852
-1.026,0.00649509220937792
-1.024,0.00657234959893584
-1.022,0.00665146162459027
-1.02,0.00673250141356231
-1.018,0.0068155402971316
-1.016,0.00690065316973484
-1.014,0.00698792467508539
-1.012,0.00707742575916882
-1.01,0.00716924924168036
-1.008,0.00726348670414857
-1.006,0.00736023460747811
-1.004,0.00745960141397328
-1.002,0.00756168096020056
-0.999999999999999,0.00766659304541184
-0.997999999999999,0.00776318127435767
-0.995999999999999,0.00781809939636867
-0.993999999999999,0.0078738038392483
-0.991999999999999,0.00793030393528748
-0.989999999999999,0.0079876207479229
-0.987999999999999,0.00804577211470136
-0.985999999999999,0.00810477639642171
-0.983999999999999,0.00816465656516327
-0.981999999999999,0.00822542401046653
-0.979999999999999,0.00828710279163682
-0.977999999999999,0.0083497135646662
-0.975999999999999,0.00841327761454002
-0.973999999999999,0.00847782126616757
-0.971999999999999,0.00854335843049161
-0.969999999999999,0.00860991674908378
-0.967999999999999,0.00867752027570617
-0.965999999999999,0.00874619382556297
-0.963999999999999,0.00881596774939923
-0.961999999999999,0.00888685906702083
-0.959999999999999,0.00895889973512628
-0.957999999999999,0.00903211793352816
-0.955999999999999,0.00910654277084795
-0.953999999999999,0.00918220432310106
-0.951999999999999,0.00925913890686326
-0.949999999999999,0.00933736828007546
-0.947999999999999,0.00941693081854993
-0.945999999999999,0.00949786089436644
-0.943999999999999,0.0095801940714363
-0.941999999999999,0.00966397285782623
-0.939999999999999,0.00974922406078032
-0.937999999999999,0.00983599274547508
-0.935999999999999,0.00992431979279106
-0.933999999999999,0.0100142475653533
-0.931999999999999,0.010105826208656
-0.929999999999999,0.0101990889046313
-0.927999999999999,0.0102940890039099
-0.925999999999999,0.0103908755124406
-0.923999999999999,0.0104894992967093
-0.921999999999999,0.0105900200178784
-0.919999999999999,0.0106924789792024
-0.917999999999999,0.0107969399005053
-0.915999999999999,0.0109034620355347
-0.913999999999999,0.0110121069997184
-0.911999999999999,0.0111229464402702
-0.909999999999999,0.0112360321115703
-0.907999999999999,0.0113514408583973
-0.905999999999999,0.0114692450067063
-0.903999999999999,0.0115895199163042
-0.901999999999999,0.0117123525143599
-0.899999999999999,0.0118378081558336
-0.897999999999999,0.0119659805070789
-0.895999999999999,0.0120969587784907
-0.893999999999999,0.0122308361296391
-0.891999999999999,0.0123677192262023
-0.889999999999999,0.0125076913446226
-0.887999999999999,0.0126508680098433
-0.885999999999999,0.0127973605443877
-0.883999999999999,0.012947285487487
-0.881999999999999,0.0131007753797538
-0.879999999999999,0.0132579374455813
-0.877999999999999,0.0134189160523292
-0.875999999999999,0.0135838519307078
-0.873999999999999,0.0137528928165814
-0.871999999999999,0.0139261938923304
-0.869999999999999,0.0141039304031637
-0.867999999999999,0.0142862499204333
-0.865999999999999,0.0144733448055321
-0.863999999999999,0.0146654051649366
-0.861999999999999,0.0148626313316315
-0.859999999999999,0.0150652484147651
-0.857999999999999,0.0152734520294842
-0.855999999999999,0.0154358818303353
-0.853999999999999,0.0155444371759105
-0.851999999999999,0.0156545302016629
-0.849999999999999,0.0157662013982111
-0.847999999999999,0.015879469553608
-0.845999999999999,0.0159943769768441
-0.843999999999999,0.0161109595136425
-0.841999999999999,0.0162292540625139
-0.839999999999999,0.0163493067710319
-0.837999999999999,0.0164711405691813
-0.835999999999999,0.0165948037925771
-0.833999999999999,0.0167203379581981
-0.831999999999999,0.0168477858488471
-0.829999999999999,0.0169772003576983
-0.827999999999999,0.0171086094921247
-0.825999999999999,0.0172420687956861
-0.823999999999999,0.0173776266239156
-0.821999999999999,0.017515332865089
-0.819999999999999,0.0176552485140022
-0.817999999999999,0.0177974078397017
-0.815999999999999,0.0179418750704961
-0.813999999999999,0.0180887068683319
-0.811999999999999,0.0182379617652887
-0.809999999999999,0.0183897105618492
-0.807999999999999,0.0185439953006184
-0.805999999999999,0.0187008907577605
-0.803999999999999,0.0188604637643455
-0.801999999999999,0.019022783452129
-0.799999999999999,0.0191879213534137
-0.797999999999999,0.0193559629396632
-0.795999999999999,0.0195269622010738
-0.793999999999999,0.019701009760922
-0.791999999999999,0.0198781878624639
-0.789999999999999,0.0200585817343744
-0.787999999999999,0.0202422922320327
-0.785999999999999,0.0204293861957002
-0.783999999999999,0.0206199709402387
-0.781999999999999,0.0208141450816038
-0.779999999999999,0.0210120109856498
-0.777999999999999,0.0212136886816089
-0.775999999999999,0.0214192613858461
-0.773999999999999,0.0216288573101353
-0.771999999999999,0.0218425957280021
-0.769999999999999,0.0220606006747172
-0.767999999999999,0.0222830163402893
-0.765999999999999,0.022509947022488
-0.763999999999999,0.0227415473940705
-0.761999999999999,0.0229779630899638
-0.759999999999999,0.0232193458646563
-0.757999999999999,0.0234658707214423
-0.755999999999999,0.0237176694031352
-0.753999999999999,0.023974930510894
-0.751999999999999,0.0242378337436092
-0.749999999999999,0.0245065667696997
-0.747999999999999,0.0247813444151601
-0.745999999999999,0.0250623346029706
-0.743999999999999,0.025349770043361
-0.741999999999999,0.0256438750674983
-0.739999999999999,0.0259448845394047
-0.737999999999999,0.0262530655148903
-0.735999999999999,0.0265686342872247
-0.733999999999999,0.0268918817998062
-0.731999999999999,0.0272230917749177
-0.729999999999999,0.0275625620868412
-0.727999999999999,0.0279106294286447
-0.725999999999999,0.0282675757931277
-0.723999999999999,0.0286337703373783
-0.721999999999999,0.0290095771974525
-0.719999999999999,0.0293953798802045
-0.717999999999999,0.0297915825687239
-0.715999999999999,0.0301986393655042
-0.713999999999999,0.0304591790020547
-0.711999999999999,0.0306705054717949
-0.709999999999999,0.0308847848041731
-0.707999999999999,0.0311020793251092
-0.705999999999999,0.0313224680973092
-0.703999999999999,0.0315459873163335
-0.701999999999999,0.0317727195597896
-0.699999999999999,0.0320027346086702
-0.697999999999999,0.0322361042793901
-0.695999999999999,0.0324729185887837
-0.693999999999999,0.0327132217102462
-0.691999999999999,0.0329571078850444
-0.689999999999999,0.0332046578530972
-0.687999999999999,0.033455954798522
-0.685999999999999,0.0337111017834951
-0.683999999999999,0.0339701527506151
-0.681999999999999,0.0342332158725615
-0.679999999999999,0.0345003850865431
-0.677999999999999,0.0347717572853241
-0.675999999999999,0.0350474511771079
-0.673999999999999,0.0353275327381803
-0.671999999999999,0.0356121269029796
-0.669999999999999,0.0359013436161116
-0.667999999999999,0.0361952964229972
-0.665999999999999,0.0364941229404676
-0.663999999999999,0.0367979040646928
-0.661999999999999,0.0371067850562751
-0.659999999999999,0.0374208954269377
-0.657999999999999,0.0377403691111295
-0.655999999999999,0.0380653667659888
-0.653999999999999,0.0383959879192311
-0.651999999999999,0.0387324026902755
-0.649999999999999,0.0390747647113186
-0.647999999999999,0.0394232330949187
-0.645999999999999,0.039777996824364
-0.643999999999999,0.040139178878913
-0.641999999999999,0.0405069800617346
-0.639999999999999,0.0408815840116676
-0.637999999999999,0.0412631812240437
-0.635999999999999,0.0416519693737015
-0.633999999999999,0.0420481806347135
-0.631999999999999,0.0424519746490405
-0.629999999999999,0.042863599231626
-0.627999999999999,0.0432832843939508
-0.625999999999999,0.0437112692449041
-0.623999999999999,0.0441478321848852
-0.621999999999999,0.0445931730312552
-0.619999999999999,0.0450475901780086
-0.617999999999999,0.045511363952022
-0.615999999999999,0.0459847863443372
-0.613999999999999,0.0464681945713838
-0.611999999999999,0.0469618406381582
-0.609999999999999,0.0474660876329316
-0.607999999999999,0.0479812807405705
-0.605999999999999,0.048507780296823
-0.603999999999999,0.0490459993339395
-0.601999999999999,0.0495962584853828
-0.599999999999999,0.0501590047184794
-0.597999999999999,0.050734667967238
-0.595999999999999,0.0513236981318255
-0.593999999999999,0.0519266073945657
-0.591999999999999,0.0525438078867024
-0.589999999999999,0.0531758569795341
-0.587999999999999,0.0538232970383061
-0.585999999999999,0.0544866971679987
-0.583999999999999,0.0551667013198223
-0.581999999999999,0.0558638455151909
-0.579999999999999,0.0565788349090444
-0.577999999999999,0.0573123635753064
-0.575999999999999,0.0580651620545725
-0.573999999999999,0.058830790112341
-0.571999999999999,0.0592248784975446
-0.569999999999999,0.0596242822291235
-0.567999999999999,0.0600291095749251
-0.565999999999999,0.0604394717632959
-0.563999999999999,0.060855511339604
-0.561999999999999,0.0612772896468346
-0.559999999999999,0.0617049552931894
-0.557999999999999,0.0621386324115319
-0.555999999999999,0.0625784486491674
-0.553999999999999,0.0630245352931051
-0.551999999999999,0.0634770581421027
-0.549999999999999,0.0639360951236728
-0.547999999999999,0.0644018195558028
-0.545999999999999,0.0648743786493447
-0.543999999999999,0.0653539239678256
-0.541999999999999,0.065840644662855
-0.539999999999999,0.0663346358482955
-0.537999999999999,0.0668360957342221
-0.535999999999999,0.0673451949908312
-0.533999999999999,0.0678621095283016
-0.531999999999999,0.0683870563805032
-0.529999999999999,0.0689201517513717
-0.527999999999999,0.0694616236612135
-0.525999999999999,0.0700116711045352
-0.523999999999999,0.0705704994292852
-0.521999999999999,0.0711383592022552
-0.519999999999999,0.0717153926668341
-0.517999999999999,0.0723018638117786
-0.515999999999999,0.0728980060833617
-0.513999999999999,0.073504060691097
-0.511999999999999,0.0741203188476607
-0.509999999999999,0.074746955164487
-0.507999999999999,0.075384277381381
-0.505999999999999,0.076032561185642
-0.503999999999999,0.0766920918301671
-0.501999999999999,0.0773632102143614
-0.499999999999999,0.0780461314849141
-0.497999999999999,0.078741217067005
-0.495999999999999,0.07944879489043
-0.493999999999999,0.0801692047791298
-0.491999999999999,0.0809028489318049
-0.489999999999999,0.0816499936771588
-0.487999999999999,0.0824110669451595
-0.485999999999999,0.083186461890748
-0.483999999999999,0.0839765866059805
-0.481999999999999,0.0847819196760652
-0.479999999999999,0.0856027926448162
-0.477999999999999,0.0864397166862313
-0.475999999999999,0.0872931672344266
-0.473999999999999,0.0881636386872852
-0.471999999999999,0.0890516453614972
-0.469999999999999,0.0899577842459948
-0.467999999999999,0.0908824903932426
-0.465999999999999,0.0918264047151828
-0.463999999999999,0.0927901319869401
-0.461999999999999,0.0937743026416234
-0.459999999999999,0.0947796426817884
-0.457999999999999,0.0958067024928221
-0.455999999999999,0.0968562651901367
-0.453999999999999,0.0979290785228752
-0.451999999999999,0.0990259237405495
-0.449999999999999,0.100147694009797
-0.447999999999999,0.101295092127899
-0.445999999999999,0.102469086579467
-0.443999999999999,0.103670612949968
-0.441999999999999,0.104900651227264
-0.439999999999999,0.106160314450687
-0.437999999999999,0.107450509740654
-0.435999999999999,0.108772451039866
-0.433999999999999,0.110127324636653
-0.431999999999999,0.111313375023195
-0.429999999999999,0.112018589999158
-0.427999999999999,0.112732749107879
-0.425999999999999,0.113456072689721
-0.423999999999999,0.114188738289016
-0.421999999999999,0.114930928066017
-0.419999999999999,0.115682879998164
-0.417999999999999,0.116444684510526
-0.415999999999999,0.117216588930369
-0.413999999999999,0.11799879545297
-0.411999999999999,0.118791511706998
-0.409999999999999,0.119595005499717
-0.407999999999999,0.120409387508004
-0.405999999999999,0.121234936624796
-0.403999999999999,0.122071884127079
-0.401999999999999,0.122920467722733
-0.399999999999999,0.123780931775621
-0.397999999999999,0.124653586814901
-0.395999999999999,0.125538573525433
-0.393999999999999,0.126436216135396
-0.391999999999999,0.127346788081642
-0.389999999999999,0.128270570735144
-0.387999999999999,0.129207917376016
-0.385999999999999,0.130158999696628
-0.383999999999999,0.131124187426596
-0.381999999999999,0.132103796704158
-0.379999999999999,0.13309815318595
-0.377999999999999,0.134107661014729
-0.375999999999999,0.135132529822367
-0.373999999999999,0.13617318363204
-0.371999999999999,0.13722998995421
-0.369999999999999,0.138303327797205
-0.367999999999999,0.139393662242197
-0.365999999999999,0.140501249613432
-0.363999999999999,0.141626579187359
-0.361999999999999,0.142770080718817
-0.359999999999999,0.143932197955089
-0.357999999999999,0.14511346953959
-0.355999999999999,0.146314209631228
-0.353999999999999,0.147534986543421
-0.351999999999999,0.148776306029338
-0.349999999999999,0.15003869100766
-0.347999999999999,0.151322769648166
-0.345999999999999,0.152628928254319
-0.343999999999999,0.153957831679098
-0.341999999999999,0.15531007924165
-0.339999999999999,0.156686291503541
-0.337999999999999,0.158087206553517
-0.335999999999999,0.159513301395461
-0.333999999999999,0.160965359879256
-0.331999999999999,0.162444097564119
-0.329999999999999,0.163950256547528
-0.327999999999999,0.165484711173172
-0.325999999999999,0.167048053461699
-0.323999999999999,0.168641215402509
-0.321999999999999,0.170265058394165
-0.319999999999999,0.171920477335359
-0.317999999999999,0.173608402269445
-0.315999999999999,0.175329917392738
-0.313999999999999,0.177085796198395
-0.311999999999999,0.178877200021563
-0.309999999999999,0.180705217995522
-0.307999999999999,0.182570984234393
-0.305999999999999,0.184475809998586
-0.303999999999998,0.186420669664826
-0.301999999999998,0.188406974128396
-0.299999999999998,0.190436062434528
-0.297999999999998,0.192509331940978
-0.295999999999998,0.194628386028607
-0.293999999999998,0.196794462753459
-0.291999999999998,0.199009295916857
-0.289999999999998,0.200635251077248
-0.287999999999998,0.201779999730595
-0.285999999999998,0.202937964899405
-0.283999999999998,0.204109217865785
-0.281999999999998,0.205294069046639
-0.279999999999998,0.206492756637025
-0.277999999999998,0.207705524427846
-0.275999999999998,0.208932705232364
-0.273999999999998,0.210174389005098
-0.271999999999998,0.211430919626586
-0.269999999999998,0.212702564984697
-0.267999999999998,0.213989599451116
-0.265999999999998,0.215292392485824
-0.263999999999998,0.216611056299506
-0.261999999999998,0.217945973269726
-0.259999999999998,0.219297445751606
-0.257999999999998,0.22066578364662
-0.255999999999998,0.222051398684772
-0.253999999999998,0.223454429681633
-0.251999999999998,0.224875303511403
-0.249999999999998,0.226314362722499
-0.247999999999998,0.227771958688181
-0.245999999999998,0.229248552133049
-0.243999999999998,0.23074431378072
-0.241999999999998,0.232259722194535
-0.239999999999998,0.233795167022667
-0.237999999999998,0.235351048285552
-0.235999999999998,0.236927776723335
-0.233999999999998,0.238525882675154
-0.231999999999998,0.24014558386302
-0.229999999999998,0.241787432484283
-0.227999999999998,0.243451885924648
-0.225999999999998,0.245139414251609
-0.223999999999998,0.246850616881711
-0.221999999999998,0.248585759782806
-0.219999999999998,0.250345468418886
-0.217999999999998,0.252130268202919
-0.215999999999998,0.253940699638866
-0.213999999999998,0.255777443650105
-0.211999999999998,0.257640824842982
-0.209999999999998,0.259531555363709
-0.207999999999998,0.261450241783428
-0.205999999999998,0.263397508744113
-0.203999999999998,0.265374133958543
-0.201999999999998,0.26738051366997
-0.199999999999998,0.269417463255509
-0.197999999999998,0.271485686737804
-0.195999999999998,0.273585909924878
-0.193999999999998,0.275719026257803
-0.191999999999998,0.277885519993852
-0.189999999999998,0.28008633032032
-0.187999999999998,0.282322279092434
-0.185999999999998,0.284594214620324
-0.183999999999998,0.286903169742432
-0.181999999999998,0.289249737528681
-0.179999999999998,0.291635006791808
-0.177999999999998,0.294059942936595
-0.175999999999998,0.296525543746295
-0.173999999999998,0.299033011307961
-0.171999999999998,0.301583074146957
-0.169999999999998,0.304177003390523
-0.167999999999998,0.306815940749168
-0.165999999999998,0.309501067900528
-0.163999999999998,0.312233794200882
-0.161999999999998,0.315015018082384
-0.159999999999998,0.317846234802989
-0.157999999999998,0.320728804528356
-0.155999999999998,0.323664137217474
-0.153999999999998,0.326653694922266
-0.151999999999998,0.329699201547477
-0.149999999999998,0.332801820009953
-0.147999999999998,0.3346431928104
-0.145999999999998,0.336234003187338
-0.143999999999998,0.337840010438935
-0.141999999999998,0.339461543267769
-0.139999999999998,0.341098605972322
-0.137999999999998,0.342751534752029
-0.135999999999998,0.344420561386175
-0.133999999999998,0.34610592219073
-0.131999999999998,0.3478079734962
-0.129999999999998,0.349526731440259
-0.127999999999998,0.351262560871885
-0.125999999999998,0.353015717403205
-0.123999999999998,0.354786461774995
-0.121999999999998,0.356575181241662
-0.119999999999998,0.358381905913539
-0.117999999999998,0.360207032751559
-0.115999999999998,0.362050844344268
-0.113999999999998,0.363913629095987
-0.111999999999998,0.365795808985052
-0.109999999999998,0.367697430617701
-0.107999999999998,0.369618927065389
-0.105999999999998,0.371560611547628
-0.103999999999998,0.373522803900314
-0.101999999999998,0.3755059652239
-0.0999999999999983,0.377510161613762
-0.0979999999999983,0.379535866887941
-0.0959999999999983,0.381583429161997
-0.0939999999999983,0.383653204104444
-0.0919999999999983,0.385745697049158
-0.0899999999999983,0.387860997142946
-0.0879999999999983,0.389999624348049
-0.0859999999999983,0.392161966674072
-0.0839999999999983,0.394348420783833
-0.0819999999999983,0.396559542210203
-0.0799999999999983,0.398795447405793
-0.0779999999999983,0.401056708788912
-0.0759999999999983,0.40334376014537
-0.0739999999999983,0.405657045212491
-0.0719999999999983,0.407997017966132
-0.0699999999999983,0.410364303515297
-0.0679999999999983,0.41275905789899
-0.0659999999999983,0.415181926383701
-0.0639999999999983,0.417633406976462
-0.0619999999999983,0.420114009516285
-0.0599999999999983,0.422624426364694
-0.0579999999999983,0.425164853477767
-0.0559999999999983,0.427736006683375
-0.0539999999999983,0.430338446814475
-0.0519999999999983,0.432972748436497
-0.0499999999999983,0.435639681260335
-0.0479999999999983,0.438339488870913
-0.0459999999999983,0.441072968414145
-0.0439999999999983,0.443840753776182
-0.0419999999999983,0.446643494854495
-0.0399999999999983,0.449482050741281
-0.0379999999999983,0.452356722025479
-0.0359999999999983,0.455268400020146
-0.0339999999999983,0.458217803956425
-0.0319999999999983,0.461205671824817
-0.0299999999999983,0.464232966519209
-0.0279999999999982,0.467300057088029
-0.0259999999999982,0.470407944450576
-0.0239999999999982,0.473557448042297
-0.0219999999999982,0.476749409391896
-0.0199999999999982,0.479984912583619
-0.0179999999999982,0.483264409199655
-0.0159999999999982,0.486589028433116
-0.0139999999999982,0.489959707998637
-0.0119999999999982,0.493377411774891
-0.00999999999999824,0.496843366141098
-0.00799999999999824,0.500178997200679
-0.00599999999999824,0.5019538159368
-0.00399999999999824,0.503741274942333
-0.00199999999999824,0.505541509735971
1.76247905159244E-15,0.50735465778058
0.00200000000000176,0.50918098214548
0.00400000000000176,0.511020377927859
0.00600000000000176,0.51287311137833
0.00800000000000176,0.514739328094189
0.0100000000000018,0.516619175799636
0.0120000000000018,0.5185129325851
0.0140000000000018,0.520420495090733
0.0160000000000018,0.52234214492462
0.0180000000000018,0.524278038717264
0.0200000000000018,0.526228335429814
0.0220000000000018,0.528193329429469
0.0240000000000018,0.5301729194054
0.0260000000000018,0.532167403619846
0.0280000000000018,0.534176950801717
0.0300000000000018,0.536201732238167
0.0320000000000018,0.53824205996511
0.0340000000000018,0.540297835306896
0.0360000000000018,0.542369374618694
0.0380000000000018,0.544456859918833
0.0400000000000018,0.546560476038696
0.0420000000000018,0.54868055422923
0.0440000000000018,0.550816999129053
0.0460000000000018,0.55297014678619
0.0480000000000018,0.555140193842917
0.0500000000000018,0.557327340040442
0.0520000000000018,0.559531937566418
0.0540000000000018,0.561753895160802
0.0560000000000018,0.563993570347653
0.0580000000000018,0.566251175891815
0.0600000000000018,0.568526927978525
0.0620000000000018,0.570821201653492
0.0640000000000018,0.573133910670832
0.0660000000000018,0.575465436022733
0.0680000000000018,0.577816008283358
0.0700000000000018,0.580185861809578
0.0720000000000018,0.582575396654532
0.0740000000000018,0.584984532646019
0.0760000000000018,0.587413676475325
0.0780000000000018,0.589863078428946
0.0800000000000018,0.592332992985444
0.0820000000000018,0.594823678903584
0.0840000000000018,0.597335569452815
0.0860000000000018,0.599868593391512
0.0880000000000018,0.602423191583118
0.0900000000000018,0.604999640834545
0.0920000000000018,0.607598222708446
0.0940000000000018,0.610219401184502
0.0960000000000018,0.612863114071656
0.0980000000000018,0.615529833863017
0.100000000000002,0.618219862197372
0.102000000000002,0.62093350600962
0.104000000000002,0.623671263120831
0.106000000000002,0.62643308211115
0.108000000000002,0.629219470365821
0.110000000000002,0.632030757203559
0.112000000000002,0.63486727785494
0.114000000000002,0.637729567524797
0.116000000000002,0.640617587572981
0.118000000000002,0.643531883972584
0.120000000000002,0.64647281697144
0.122000000000002,0.64944075343293
0.124000000000002,0.652436269965218
0.126000000000002,0.655459343056682
0.128000000000002,0.658510561467521
0.130000000000002,0.661590320092496
0.132000000000002,0.664699021248542
0.134000000000002,0.667251463662885
0.136000000000002,0.668828854572479
0.138000000000002,0.670413721098696
0.140000000000002,0.67200611651075
0.142000000000002,0.673606094585171
0.144000000000002,0.675213818310137
0.146000000000002,0.676829125619192
0.148000000000002,0.678452180028812
0.150000000000002,0.680083037406234
0.152000000000002,0.681721754157161
0.154000000000002,0.683368498571938
0.156000000000002,0.68502310601328
0.158000000000002,0.686685745345479
0.160000000000002,0.68835647519413
0.162000000000002,0.690035354756769
0.164000000000002,0.691722443809871
0.166000000000002,0.693417917354344
0.168000000000002,0.695121607633122
0.170000000000002,0.696833690281038
0.172000000000002,0.69855422746235
0.174000000000002,0.700283281956791
0.176000000000002,0.702021034667852
0.178000000000002,0.703767315213226
0.180000000000002,0.705522305185079
0.182000000000002,0.707286069902589
0.184000000000002,0.70905867533975
0.186000000000002,0.710840308605035
0.188000000000002,0.71263079667164
0.190000000000002,0.714430327396247
0.192000000000002,0.716238969455664
0.194000000000002,0.718056792223909
0.196000000000002,0.719883989337427
0.198000000000002,0.721720385109892
0.200000000000002,0.723566173990734
0.202000000000002,0.725421428232933
0.204000000000002,0.727286220832414
0.206000000000002,0.729160752298889
0.208000000000002,0.731044844276424
0.210000000000002,0.732938698158262
0.212000000000002,0.734842390009391
0.214000000000002,0.736755996687122
0.216000000000002,0.738679725943972
0.218000000000002,0.740613396750013
0.220000000000002,0.74255721781817
0.222000000000002,0.744511269280184
0.224000000000002,0.746475632113496
0.226000000000002,0.748450521709291
0.228000000000002,0.750435754365863
0.230000000000002,0.75243154651866
0.232000000000002,0.754437982641629
0.234000000000002,0.756455148112164
0.236000000000002,0.758483266384646
0.238000000000002,0.760522151095406
0.240000000000002,0.762572026834626
0.242000000000002,0.764632982716609
0.244000000000002,0.766705108821643
0.246000000000002,0.768788496209125
0.248000000000002,0.770883378613782
0.250000000000002,0.77298956650297
0.252000000000002,0.775107294868326
0.254000000000002,0.777236658821358
0.256000000000002,0.779377754521606
0.258000000000002,0.78153082481488
0.260000000000002,0.783695677560817
0.262000000000002,0.785872556973504
0.264000000000002,0.788061563551882
0.266000000000002,0.790262798917754
0.268000000000002,0.792476515562892
0.270000000000002,0.79470251878187
0.272000000000002,0.796941062556669
0.274000000000002,0.799192253160572
0.276000000000002,0.80072743697783
0.278000000000002,0.801862234987872
0.280000000000002,0.803000177187124
0.282000000000002,0.804141353739226
0.284000000000002,0.805285778453216
0.286000000000002,0.806433465216858
0.288000000000002,0.807584505744621
0.290000000000002,0.808738758810955
0.292000000000002,0.809896316069156
0.294000000000002,0.811057191727546
0.296000000000002,0.812221400076027
0.298000000000002,0.81338903435573
0.300000000000002,0.814559951510589
0.302000000000002,0.815734244721596
0.304000000000002,0.81691192861089
0.306000000000002,0.818093017885174
0.308000000000002,0.819277607351478
0.310000000000002,0.82046555208938
0.312000000000002,0.821656946846919
0.314000000000002,0.82285180667523
0.316000000000002,0.824050146713125
0.318000000000002,0.825252063374135
0.320000000000002,0.826457409838879
0.322000000000002,0.827666282463173
0.324000000000002,0.828878696742994
0.326000000000002,0.830094668265252
0.328000000000002,0.831314212708454
0.330000000000002,0.832537428469545
0.332000000000002,0.833764166403608
0.334000000000002,0.83499452485158
0.336000000000002,0.836228519865168
0.338000000000002,0.83746616759111
0.340000000000002,0.838707568127303
0.342000000000002,0.839952570350942
0.344000000000002,0.8412012743055
0.346000000000002,0.84245369652494
0.348000000000002,0.843709853641836
0.350000000000002,0.844969847500443
0.352000000000002,0.846233524962887
0.354000000000002,0.847500987820734
0.356000000000002,0.848772253108449
0.358000000000002,0.850047337962857
0.360000000000002,0.851326346021622
0.362000000000002,0.852609122093762
0.364000000000002,0.853895769766158
0.366000000000002,0.855186306592858
0.368000000000002,0.856480750234193
0.370000000000002,0.85777920617
0.372000000000002,0.8590815171173
0.374000000000002,0.86038778850723
0.376000000000002,0.861698038433385
0.378000000000002,0.863012285099745
0.380000000000002,0.864330635878888
0.382000000000002,0.865652931356056
0.384000000000002,0.866979278857398
0.386000000000002,0.868309697036947
0.388000000000002,0.869644204663414
0.390000000000002,0.870982911054566
0.392000000000002,0.872325654623178
0.394000000000002,0.873672544643066
0.396000000000002,0.875023600350568
0.398000000000002,0.876378841101194
0.400000000000002,0.877738286370554
0.402000000000002,0.879102047882647
0.404000000000002,0.880469961388292
0.406000000000002,0.881842138570796
0.408000000000002,0.883218599395584
0.410000000000002,0.884599363952932
0.412000000000002,0.885984546034482
0.414000000000002,0.887373979125797
0.416000000000002,0.888767776980803
0.418000000000002,0.889526966179482
0.420000000000002,0.890226702700477
0.422000000000002,0.890927588279395
0.424000000000002,0.891629530972341
0.426000000000002,0.892332580628553
0.428000000000002,0.893036739868619
0.430000000000002,0.893742011321403
0.432000000000002,0.894448445310063
0.434000000000002,0.895155949183627
0.436000000000002,0.895864573206684
0.438000000000002,0.896574320041542
0.440000000000002,0.897285192358953
0.442000000000002,0.897997240903272
0.444000000000002,0.898710372308356
0.446000000000002,0.899424637259428
0.448000000000002,0.900140038461351
0.450000000000002,0.900856578627599
0.452000000000002,0.901574308929109
0.454000000000002,0.902293135276346
0.456000000000002,0.903013108780542
0.458000000000002,0.903734232189967
0.460000000000002,0.904456508261678
0.462000000000002,0.905179988598666
0.464000000000002,0.905904578379662
0.466000000000002,0.906630329147371
0.468000000000002,0.907357243694349
0.470000000000002,0.908085324822112
0.472000000000002,0.908814624571275
0.474000000000002,0.90954504738036
0.476000000000002,0.910276645229115
0.478000000000002,0.911009420955271
0.480000000000002,0.911743377405706
0.482000000000002,0.91247851743648
0.484000000000002,0.913214893620843
0.486000000000002,0.913952409497705
0.488000000000002,0.914691117578739
0.490000000000002,0.915431020757105
0.492000000000002,0.916172121935331
0.494000000000002,0.91691447413689
0.496000000000002,0.917657980141387
0.498000000000002,0.918402692910118
0.500000000000002,0.919148615383469
0.502000000000002,0.919895750511386
0.504000000000002,0.920644151773453
0.506000000000002,0.921393721181073
0.508000000000002,0.92214451215105
0.510000000000002,0.922896527671962
0.512000000000002,0.923649770742145
0.514000000000002,0.924404295303285
0.516000000000002,0.925160002589554
0.518000000000002,0.925916946479246
0.520000000000002,0.926675130010123
0.522000000000002,0.927434556229909
0.524000000000002,0.928195279548492
0.526000000000002,0.928957200413637
0.528000000000002,0.929720373171221
0.530000000000002,0.930484800909209
0.532000000000002,0.93125048672573
0.534000000000002,0.932017485505084
0.536000000000002,0.932785696899313
0.538000000000002,0.933555175728078
0.540000000000002,0.934325925130588
0.542000000000002,0.935097948256425
0.544000000000002,0.935871300470618
0.546000000000002,0.936645880620026
0.548000000000002,0.937421744004408
0.550000000000002,0.938198893815282
0.552000000000002,0.938977333254755
0.554000000000002,0.939757118175023
0.556000000000002,0.940538146608147
0.558000000000002,0.941248466956458
0.560000000000002,0.941640059143461
0.562000000000002,0.942031977298091
0.564000000000002,0.942424221827527
0.566000000000002,0.942816819631018
0.568000000000002,0.943209718156407
0.570000000000002,0.943602944282249
0.572000000000002,0.943996498418445
0.574000000000002,0.944390380975583
0.576000000000002,0.944784618967024
0.578000000000002,0.945179159622773
0.580000000000002,0.945574029935371
0.582000000000002,0.945969230318157
0.584000000000002,0.94636476118516
0.586000000000002,0.946760649664583
0.588000000000002,0.947156842767242
0.590000000000002,0.947553367600395
0.592000000000002,0.947950224580852
0.594000000000002,0.948347414126119
0.596000000000002,0.948744963479981
0.598000000000002,0.949142819432698
0.600000000000002,0.949541009206982
0.602000000000002,0.949939533223151
0.604000000000002,0.950338391902226
0.606000000000002,0.950737612604317
0.608000000000002,0.951137141897749
0.610000000000002,0.951537007121434
0.612000000000002,0.951937208699233
0.614000000000002,0.952337747055721
0.616000000000002,0.952738649668079
0.618000000000002,0.953139862881316
0.620000000000002,0.953541414151289
0.622000000000002,0.95394330390544
0.624000000000002,0.954345532571934
0.626000000000002,0.954748127745783
0.628000000000002,0.955151035547278
0.630000000000002,0.955554283549978
0.632000000000002,0.955957872184944
0.634000000000002,0.956361801883969
0.636000000000002,0.95676610036066
0.638000000000002,0.957170713509178
0.640000000000002,0.957575669021545
0.642000000000002,0.957980967332482
0.644000000000002,0.958386608877447
0.646000000000002,0.958792594092635
0.648000000000002,0.959198950834983
0.650000000000002,0.959605624725419
0.652000000000002,0.960012643599136
0.654000000000002,0.960420007895298
0.656000000000002,0.960827718053813
0.658000000000002,0.961235802051914
0.660000000000002,0.961644205281254
0.662000000000002,0.962052955697192
0.664000000000002,0.962462053742634
0.666000000000002,0.962871499861241
0.668000000000002,0.96328132215133
0.670000000000002,0.963691465773827
0.672000000000002,0.96410195880504
0.674000000000002,0.964512801691661
0.676000000000002,0.964923994881143
0.678000000000002,0.965335566593674
0.680000000000002,0.965747461757998
0.682000000000002,0.96615970857216
0.684000000000002,0.966572307486676
0.686000000000002,0.966985258952834
0.688000000000002,0.967398591313493
0.690000000000002,0.967812249263738
0.692000000000002,0.96822626112415
0.694000000000002,0.968640627349112
0.696000000000002,0.969055348393786
0.698000000000002,0.969470452724507
0.700000000000002,0.96979141804894
0.702000000000002,0.969999227138479
0.704000000000002,0.970207125306706
0.706000000000002,0.970415112610909
0.708000000000002,0.970623203146949
0.710000000000002,0.970831368901189
0.712000000000002,0.971039623963568
0.714000000000002,0.971247968391574
0.716000000000002,0.97145640224274
0.718000000000002,0.971664939643325
0.720000000000002,0.971873552519656
0.722000000000002,0.972082254992051
0.724000000000002,0.972291047118245
0.726000000000002,0.972499928956018
0.728000000000002,0.972708900563204
0.730000000000002,0.972917976102666
0.732000000000002,0.973127127428434
0.734000000000002,0.973336368697413
0.736000000000002,0.973545699967634
0.738000000000002,0.973755121297176
0.740000000000002,0.973964646879519
0.742000000000002,0.974174248508233
0.744000000000002,0.974383940370817
0.746000000000002,0.974593722525551
0.748000000000002,0.974803595030768
0.750000000000002,0.975013572110659
0.752000000000002,0.975223625498139
0.754000000000002,0.975433769411402
0.756000000000002,0.975644003908981
0.758000000000002,0.975854329049458
0.760000000000002,0.976064759087839
0.762000000000002,0.976275265696189
0.764000000000002,0.976485863123495
0.766000000000002,0.976696551428543
0.768000000000002,0.976907330670169
0.770000000000002,0.977118215134293
0.772000000000002,0.977329176431932
0.774000000000002,0.977540228842968
0.776000000000002,0.977751372426441
0.778000000000002,0.977962607241441
0.780000000000002,0.978173947604904
0.782000000000002,0.978385365066602
0.784000000000002,0.978596873937411
0.786000000000002,0.978808474276628
0.788000000000002,0.9790201661436
0.790000000000002,0.979231963886376
0.792000000000002,0.979443838993287
0.794000000000002,0.979655805806306
0.796000000000002,0.979867864384985
0.798000000000002,0.980080014788929
0.800000000000002,0.980292257077794
0.802000000000002,0.980504605637104
0.804000000000002,0.980717031881194
0.806000000000002,0.980929550189487
0.808000000000002,0.981142160621846
0.810000000000002,0.981354863238186
0.812000000000002,0.981567672455371
0.814000000000002,0.981780559625855
0.816000000000002,0.981993539160381
0.818000000000002,0.982206611119071
0.820000000000002,0.982419775562103
0.822000000000002,0.982633046937783
0.824000000000002,0.982846396536479
0.826000000000002,0.98305983880036
0.828000000000002,0.98327337378981
0.830000000000002,0.983487001565267
0.832000000000002,0.983700736606584
0.834000000000002,0.983914550141844
0.836000000000002,0.984128456644741
0.838000000000002,0.984342456175924
0.840000000000002,0.984556548796093
0.842000000000002,0.984693060687737
0.844000000000002,0.984800171623155
0.846000000000002,0.984907305863298
0.848000000000002,0.985014463415773
0.850000000000002,0.98512164428819
0.852000000000002,0.985228855720261
0.854000000000002,0.985336083256979
0.856000000000002,0.985443334136488
0.858000000000002,0.985550608366413
0.860000000000002,0.98565790595438
0.862000000000002,0.985765234147994
0.864000000000002,0.985872578476514
0.866000000000002,0.985979946185976
0.868000000000002,0.986087337284019
0.870000000000002,0.986194751778287
0.872000000000002,0.986302196924291
0.874000000000002,0.986409658235531
0.876000000000002,0.986517142965946
0.878000000000002,0.986624651123191
0.880000000000002,0.986732182714928
0.882000000000002,0.986839737748819
0.884000000000002,0.986947323489881
0.886000000000002,0.987054925432665
0.888000000000002,0.987162550840615
0.890000000000002,0.987270199721404
0.892000000000002,0.987377872082715
0.894000000000002,0.987485575197497
0.896000000000002,0.987593294544488
0.898000000000002,0.987701037395059
0.900000000000002,0.987808803756905
0.902000000000002,0.987916593637721
0.904000000000002,0.988024414318408
0.906000000000002,0.988132251261857
0.908000000000002,0.988240111747389
0.910000000000002,0.988347995782712
0.912000000000002,0.988455903375541
0.914000000000002,0.988563841814734
0.916000000000002,0.988671796547317
0.918000000000002,0.988779774860567
0.920000000000002,0.98888777676221
0.922000000000002,0.988995802259977
0.924000000000002,0.989103858650701
0.926000000000002,0.989211931365513
0.928000000000002,0.989320027699661
0.930000000000002,0.989428147660888
0.932000000000002,0.989536291256941
0.934000000000002,0.989644465792642
0.936000000000003,0.9897526566832
0.938000000000003,0.989860871231848
0.940000000000003,0.989969109446345
0.942000000000003,0.990077371334457
0.944000000000003,0.990185664209004
0.946000000000003,0.990293973469249
0.948000000000003,0.990402306426422
0.950000000000003,0.990510663088301
0.952000000000003,0.990619043462666
0.954000000000003,0.990727454870353
0.956000000000003,0.990835882694651
0.958000000000003,0.9909443342548
0.960000000000003,0.991052809558595
0.962000000000003,0.991161308613835
0.964000000000003,0.991269831428322
0.966000000000003,0.991378385332522
0.968000000000003,0.991486955690524
0.970000000000003,0.991595549831198
0.972000000000003,0.99170416776236
0.974000000000003,0.991812809491828
0.976000000000003,0.991921482358113
0.978000000000003,0.992030171709272
0.980000000000003,0.992138884882214
0.982000000000003,0.992247621884772
0.984000000000003,0.992302219414044
0.986000000000003,0.992356606506906
0.988000000000003,0.992410995892937
0.990000000000003,0.992465391241275
0.992000000000003,0.992519792552901
0.994000000000003,0.992574199828795
0.996000000000003,0.992628616740509
0.998000000000003,0.992683035948285
1,0.992737461123273
1.002,0.992791892266454
1.004,0.992846329378809
1.006,0.992900776133907
1.008,0.992955225187962
1.01,0.993009680214138
1.012,0.993064141213418
1.014,0.993118608186786
1.016,0.993173084809822
1.018,0.993227563734716
1.02,0.993282048636647
1.022,0.993336539516599
1.024,0.993391036375554
1.026,0.993445542891115
1.028,0.993500051711435
1.03,0.993554566513714
1.032,0.993609087298934
1.034,0.993663614068082
1.036,0.993718150500777
1.038,0.993772689241139
1.04,0.993827233968384
1.042,0.9938817846835
1.044,0.99393634138747
1.046,0.993990904081283
1.048,0.994045476446982
1.05,0.994100051123842
1.052,0.994154631793504
1.054,0.994209218456955
1.056,0.994263811115183
1.058,0.994318413452255
1.06,0.994373018103404
1.062,0.994427628752292
1.064,0.994482245399909
1.066,0.994536868047243
1.068,0.994591500380385
1.07,0.994646135030523
1.072,0.994700775683345
1.074,0.994755422339839
1.076,0.994810075000996
1.078,0.994864737354932
1.08,0.994919402028789
1.082,0.994974072710277
1.084,0.995028749400388
1.086,0.995083432100113
1.088,0.995138124499596
1.09,0.995192819221925
1.092,0.995247519956841
1.094,0.995302226705336
1.096,0.9953569394684
1.098,0.995411661938208
1.1,0.995466386733794
1.102,0.995521117546926
1.104,0.995575854378596
1.106,0.995630597229799
1.108,0.995685349794739
1.11,0.995740104688391
1.112,0.995794865604554
1.114,0.995849632544222
1.116,0.99590440550839
1.118,0.995959188193295
1.12,0.99601397320985
1.122,0.996068764253887
1.124,0.996116255317787
1.126,0.996143655713091
1.128,0.996171057615854
1.13,0.99619846287471
1.132,0.996225867792867
1.134,0.996253274218856
1.136,0.996280682152801
1.138,0.996308091594829
1.14,0.99633550439408
1.142,0.996362916852745
1.144,0.996390330819866
1.146,0.996417746295565
1.148,0.996445163279968
1.15,0.996472583622727
1.152,0.996500003625014
1.154,0.996527425136378
1.156,0.996554848156944
1.158,0.996582272686837
1.16,0.996609700576218
1.162,0.99663712812524
1.164,0.996664557183963
1.166,0.996691987752511
1.168,0.996719419831009
1.17,0.996746855270128
1.172,0.996774290369001
1.174,0.996801726978199
1.176,0.996829165097846
1.178,0.996856604728066
1.18,0.99688404772004
1.182,0.996911490371883
1.184,0.996938934534674
1.186,0.996966380208538
1.188,0.996993827393599
1.19,0.997021277941547
1.192,0.997048728149479
1.194,0.997076179868983
1.196,0.997103633100184
1.198,0.997131087843207
1.2,0.997158544098176
1.202,0.997186003717393
1.204,0.997213462996731
1.206,0.997240923788391
1.208,0.997268386092497
1.21,0.997295849909175
1.212,0.997323317091235
1.214,0.997350783933531
1.216,0.997378252288774
1.218,0.997405722157087
1.22,0.997433193538597
1.222,0.997460668286625
1.224,0.997488142695004
1.226,0.997515618616955
1.228,0.997543096052601
1.23,0.99757057500207
1.232,0.997598057319192
1.234,0.997625539296781
1.236,0.997653022788566
1.238,0.997680507794674
1.24,0.997707994315228
1.242,0.997735484204573
1.244,0.9977629737545
1.246,0.997790464819249
1.248,0.997817957398946
1.25,0.997845451493716
1.252,0.997872948958414
1.254,0.997900446083809
1.256,0.997927944724652
1.258,0.997955444881069
1.26,0.997982946553186
1.262,0.998010451596369
1.264,0.998037956300363
1.266,0.9980580723361
1.268,0.998071825811024
1.27,0.998085579665004
1.272,0.998099334825844
1.274,0.998113089438012
1.276,0.998126844429285
1.278,0.998140599799677
1.28,0.998154355549206
1.282,0.998168111677886
1.284,0.998181869113673
1.286,0.998195626000728
1.288,0.998209383266983
1.29,0.998223140912451
1.292,0.99823689893715
1.294,0.99825065826916
1.296,0.998264417052391
1.298,0.998278176214899
1.3,0.998291935756699
1.302,0.998305695677808
1.304,0.998319456906435
1.306,0.998333217586233
1.308,0.998346978645387
1.31,0.998360740083911
1.312,0.998374501901822
1.314,0.998388265027458
1.316,0.998402027604215
1.318,0.998415790560406
1.32,0.998429553896047
1.322,0.998443317611152
1.324,0.99845708263419
1.326,0.998470847108299
1.328,0.99848461196192
1.33,0.998498377195069
1.332,0.998512142807761
1.334,0.998525909728592
1.336,0.998539676100445
1.338,0.998553442851888
1.34,0.998567209982938
1.342,0.99858097749361
1.344,0.998594746312627
1.346,0.998608514582616
1.348,0.998622283232275
1.35,0.998636052261618
1.352,0.998649821670662
1.354,0.998663592388257
1.356,0.998677362556776
1.358,0.998691133105041
1.36,0.998704904033071
1.362,0.99871867534088
1.364,0.998732447028483
1.366,0.998746220024886
1.368,0.998759992472153
1.37,0.998773765299261
1.372,0.998787538506227
1.374,0.998801312093067
1.376,0.998815086988912
1.378,0.998828861335572
1.38,0.998842636062152
1.382,0.998856411168669
1.384,0.998870186655137
1.386,0.998883963450818
1.388,0.998897739697264
1.39,0.998911516323709
1.392,0.998925293330169
1.394,0.998939070716659
1.396,0.998952849412569
1.398,0.998966627559194
1.4,0.998980406085897
1.402,0.998994184992693
1.404,0.999007964279598
1.406,0.99902174487613
1.408,0.99902995755259
1.41,0.999036847641951
1.412,0.999043737826353
1.414,0.999050628105796
1.416,0.999057518945066
1.418,0.999064409414604
1.42,0.99907129997919
1.422,0.999078190638825
1.424,0.999085081393511
1.426,0.999091972708066
1.428,0.999098863652868
1.43,0.999105754692726
1.432,0.999112645827643
1.434,0.999119537057622
1.436,0.999126428847512
1.438,0.999133320267625
1.44,0.999140211782806
1.442,0.999147103393055
1.444,0.999153995098375
1.446,0.999160886898768
1.448,0.999167779259123
1.45,0.999174671249675
1.452,0.999181563335305
1.454,0.999188455516016
1.456,0.99919534779181
1.458,0.999202240627607
1.46,0.999209133093579
1.462,0.999216025654639
1.464,0.999222918310791
1.466,0.999229811062034
1.468,0.999236704373323
1.47,0.999243597314765
1.472,0.999250490351305
1.474,0.999257383482945
1.476,0.999264276709688
1.478,0.999271170496518
1.48,0.999278063913478
1.482,0.999284957425546
1.484,0.999291851032725
1.486,0.999298744735016
1.488,0.999305638997436
1.49,0.999312532889964
1.492,0.99931942687761
1.494,0.999326320960377
1.496,0.999333215138265
1.498,0.999340109876325
1.5,0.99934700424447
1.502,0.999353898707743
1.504,0.999360793266147
1.506,0.999367687919682
1.508,0.99937458313343
1.51,0.999381477977242
1.512,0.999388372916191
1.514,0.99939526795028
1.516,0.999402163079511
1.518,0.999409058768997
1.52,0.999415954088525
1.522,0.999422849503199
1.524,0.999429745013024
1.526,0.999436640618
1.528,0.99944353631813
1.53,0.999450432578565
1.532,0.999457328469015
1.534,0.999464224454624
1.536,0.999471120535395
1.538,0.999478016711329
1.54,0.99948491344761
1.542,0.999491809813884
1.544,0.999498706275327
1.546,0.999505602831941
1.548,0.999512228267901
1.55,0.999515676860219
1.552,0.999519125243728
1.554,0.999522573651031
1.556,0.999526022082128
1.558,0.999529470537021
1.56,0.999532919248321
1.562,0.999536367750806
1.564,0.999539816277086
1.566,0.999543264827161
1.568,0.999546713401033
1.57,0.999550162231322
1.572,0.999553610852788
1.574,0.999557059498051
1.576,0.999560508167111
1.578,0.999563956859968
1.58,0.999567405809251
1.582,0.999570854549705
1.584,0.999574303313957
1.586,0.999577752102007
1.588,0.999581200913856
1.59,0.999584649982141
1.592,0.999588098841589
1.594,0.999591547724836
1.596,0.999594996631883
1.598,0.999598445562729
1.6,0.999601894517375
1.602,0.999605343728469
1.604,0.999608792730718
1.606,0.999612241756767
1.608,0.999615690806617
1.61,0.999619139880269
1.612,0.999622589210377
1.614,0.999626038331633
1.616,0.999629487476691
1.618,0.999632936645552
1.62,0.999636385838215
1.622,0.999639835287343
1.624,0.999643284527613
1.626,0.999646733791686
1.628,0.999650183079563
1.63,0.999653632391243
1.632,0.999657081959399
1.634,0.999660531318688
1.636,0.999663980701783
1.638,0.999667430108682
1.64,0.999670879539386
1.642,0.999674329226574
1.644,0.99967777870489
1.646,0.999681228207012
1.648,0.999684677732939
1.65,0.999688127282673
1.652,0.9996915770889
1.654,0.999695026686248
1.656,0.999698476307404
1.658,0.999701925952366
1.66,0.999705375621136
1.662,0.999708825546408
1.664,0.999712275262795
1.666,0.99971572500299
1.668,0.999719174766993
1.67,0.999722624554805
1.672,0.999726074599128
1.674,0.99972952443456
1.676,0.9997329742938
1.678,0.99973642417685
1.68,0.99973987408371
1.682,0.999743324014381
1.684,0.999746774201574
1.686,0.999750224179866
1.688,0.99975367418197
1.69,0.999756521586127
1.692,0.999758246605934
1.694,0.999759971748053
1.696,0.999761696779766
1.698,0.999763421817432
1.7,0.999765146861051
1.702,0.999766871910623
1.704,0.999768597082509
1.706,0.999770322143987
1.708,0.999772047211419
1.71,0.999773772284803
1.712,0.999775497364141
1.714,0.999777222565795
1.716,0.999778947657039
1.718,0.999780672754237
1.72,0.999782397857387
1.722,0.999784122966491
1.724,0.999785848197914
1.726,0.999787573318925
1.728,0.99978929844589
1.73,0.999791023578807
1.732,0.999792748717679
1.734,0.999794473978871
1.736,0.99979619912965
1.738,0.999797924286382
1.74,0.999799649449068
1.742,0.999801374617707
1.744,0.999803099908669
1.746,0.999804825089216
1.748,0.999806550275717
1.75,0.999808275468171
1.752,0.999810000666579
1.754,0.999811725987313
1.756,0.999813451197629
1.758,0.999815176413899
1.76,0.999816901636122
1.762,0.9998186268643
1.764,0.999820352098432
1.766,0.999822077454891
1.768,0.999823802700931
1.77,0.999825527952925
1.772,0.999827253210873
1.774,0.999828978474775
1.776,0.999830703861007
1.778,0.999832429136818
1.78,0.999834154418583
1.782,0.999835879706302
1.784,0.999837604999975
1.786,0.999839330415981
1.788,0.999841055721563
1.79,0.999842781033099
1.792,0.99984450635059
1.794,0.999846231674036
1.796,0.999847957119815
1.798,0.99984968245517
1.8,0.999851407796479
1.802,0.999853133143743
1.804,0.999854858496961
1.806,0.999856583972516
1.808,0.999858309337643
1.81,0.999860034708726
1.812,0.999861760085763
1.814,0.999863485468755
1.816,0.999865210974085
1.818,0.999866936368987
1.82,0.999868661769843
1.822,0.999870387176654
1.824,0.99987211258942
1.826,0.999873838124527
1.828,0.999875563549203
1.83,0.999877288979835
1.832,0.999878479501345
1.834,0.999879342220949
1.836,0.999880205000234
1.838,0.999881067722815
1.84,0.999881930446884
1.842,0.999882793172443
1.844,0.99988365589949
1.846,0.999884518628026
1.848,0.999885381416245
1.85,0.999886244147758
1.852,0.99988710688076
1.854,0.999887969615251
1.856,0.999888832351231
1.858,0.999889695146895
1.86,0.999890557885852
1.862,0.999891420626298
1.864,0.999892283368233
1.866,0.999893146111657
1.868,0.999894008914766
1.87,0.999894871661167
1.872,0.999895734409058
1.874,0.999896597158437
1.876,0.999897459909305
1.878,0.999898322719858
1.88,0.999899185473704
1.882,0.999900048229039
1.884,0.999900910985862
1.886,0.999901773744175
1.888,0.999902636562172
1.89,0.999903499323463
1.892,0.999904362086242
1.894,0.99990522485051
1.896,0.999906087616267
1.898,0.999906950441709
1.9,0.999907813210444
1.902,0.999908675980667
1.904,0.99990953875238
1.906,0.999910401525581
1.908,0.999911264358469
1.91,0.999912127134648
1.912,0.999912989912316
1.914,0.999913852691473
1.916,0.999914715472119
1.918,0.999915578312452
1.92,0.999916441096076
1.922,0.999917303881189
1.924,0.99991816666779
1.926,0.999919029455881
1.928,0.999919892245461
1.93,0.999920755094727
1.932,0.999921617887285
1.934,0.999922480681331
1.936,0.999923343476867
1.938,0.999924206273891
1.94,0.999925069130604
1.942,0.999925931930606
1.944,0.999926794732097
1.946,0.999927657535078
1.948,0.999928520339547
1.95,0.999929383203705
1.952,0.999930246011152
1.954,0.999931108820088
1.956,0.999931971630514
1.958,0.999932834442428
1.96,0.999933697314031
1.962,0.999934560128923
1.964,0.999935422945305
1.966,0.999936285763175
1.968,0.999937148582535
1.97,0.999938011461583
1.972,0.999938874283921
1.974,0.999939352838133
1.976,0.999939784250273
1.978,0.999940215662785
1.98,0.99994064710477
1.982,0.999941078518027
1.984,0.999941509931656
1.986,0.999941941345657
1.988,0.999942372760031
1.99,0.999942804203877
1.992,0.999943235618995
1.994,0.999943667034486
1.996,0.999944098450348
1.998,0.999944529866583
