secs,gens,bestfitness,meanfitness,maxcomplexity,meancomplexity,evalcount
59.994,2007,567.63888,456.47103,136,94.56833,1013846
59.998,2501,309.03718,235.20507,122,71.27667,1255719
59.991,2868,719.82522,527.02357,62,53.67667,1444488
59.998,2259,391.42718,312.8678,131,84.38333,1134250
59.992,2228,401.76908,270.94242,136,64.50167,1117112
59.992,2273,658.29995,353.02607,168,112.735,1143779
60.004,2029,188.23827,53.32668,160,129.42667,1018696
59.996,2058,428.99725,289.0003,143,99.53667,1034161
59.99,2138,540.97475,319.15146,126,103.68333,1078797
59.993,2279,83.59868,44.27537,137,75.765,1139703
59.999,2204,160.80661,106.17573,96,67.00833,1108284
59.999,1895,405.56138,308.76348,158,95.83167,954796
59.997,1966,249.04263,166.26583,149,81.38167,985281
60.001,1893,274.8599,225.32972,141,109.67,947160
60,1999,81.37829,46.057,150,124.39833,997821
60.025,1727,311.32164,242.26208,167,115.68333,868479
59.992,2311,508.70881,361.65226,152,73.04167,1169264
59.999,2418,653.98846,605.52778,141,96.92333,1214013
59.994,1778,207.48667,155.52265,183,103.02,891448
60.002,2688,675.80073,423.33079,116,68.65167,1350900
60.003,2066,512.45687,416.00218,177,98.67667,1041692
59.99,2804,351.37234,91.55631,97,66.935,1405175
59.994,2055,737.70304,589.10195,124,103.095,1027039
59.994,1897,146.37053,112.48959,160,117.485,949574
59.996,2107,359.04742,287.4652,132,106.745,1059060
59.993,1770,577.60939,394.4663,177,115.935,893409
59.996,2227,95.66679,39.65642,107,73.65,1115006
60.001,2122,289.00048,114.9405,135,104.32833,1063759
60,2185,252.73389,141.16796,121,78.355,1096362
59.99,2090,843.01742,698.98991,131,105.66333,1053812
60.003,2450,337.13757,281.56175,104,59.4,1235350
59.99,2044,47.86669,33.26259,178,125.11167,1022887
59.999,2306,517.08398,438.96881,125,90.95,1159949
60.003,2232,340.6196,241.71904,104,74.20333,1122298
59.999,2253,176.37567,67.9077,134,86.515,1131619
59.991,1821,125.80783,56.13514,224,148.12333,913180
59.992,2268,312.17308,238.35106,131,98.96833,1143674
59.997,1805,191.60597,112.78036,171,106.105,907030
59.998,2502,415.01277,317.81422,117,105.85833,1259821
59.991,1899,738.01216,565.40039,147,102.68333,960568
59.999,2386,240.21778,180.32926,149,96.555,1197505
59.997,2298,318.12872,129.26135,128,89.52333,1158012
59.995,1984,212.75289,93.06773,154,84.51333,993991
60.001,2693,190.70395,62.45402,64,41.90333,1361864
60.004,2174,280.10623,69.66739,119,89.04167,1090012
59.993,2026,150.24228,61.47141,158,79.445,1019182
60,2009,243.81823,168.86365,133,80.60167,1014511
60,2279,519.98257,345.29796,183,84.445,1145265
60,2056,598.13591,485.67923,135,94.44667,1035501
59.994,1812,178.24101,128.98591,181,101.45667,906921
59.999,2471,288.00937,204.05609,154,58.73,1242637
59.994,2186,181.42596,111.35936,135,70.72,1096703
59.993,2135,630.18897,384.80106,191,106.95333,1075399
59.999,2332,114.2115,46.31431,110,62.99333,1168863
59.999,2642,384.17144,238.81137,92,52.93167,1323434
60.004,2114,193.4502,138.52833,163,126.365,1059853
59.999,1948,89.78825,43.90795,135,99.39167,971400
59.994,2361,547.53013,357.80696,144,78.02333,1187420
59.994,2387,244.04912,139.47749,88,45.505,1190076
60.001,1801,94.19341,43.67662,104,88.87667,902265
59.99,2150,312.32158,261.7301,120,101.58,1076550
60.001,2068,275.32286,223.5179,150,103.49667,1038349
59.992,2033,664.9254,520.12901,114,73.06333,1028069
59.999,1915,497.59735,387.08707,156,105.80333,964679
59.996,2116,224.7644,110.73629,134,91.93833,1056155
60,2286,334.70059,240.33346,121,72.365,1143947
59.997,2140,529.24004,394.69319,144,126.175,1076300
60.003,2355,542.50827,447.60616,129,97.53667,1187284
59.993,2487,197.38455,57.44052,79,43.52167,1256939
59.991,2174,480.58205,433.46219,85,64.51333,1093992
59.997,2416,397.50082,320.6136,124,90.92,1214706
59.993,2101,247.44772,211.02809,155,68.78833,1059933
60.004,2148,891.07052,725.31328,183,140.96,1079281
60.004,2161,294.68812,212.04811,106,89.375,1082693
59.995,2114,83.95356,41.95192,153,41.525,1055066
59.994,2210,275.30191,234.89797,119,76.81833,1110666
59.993,2179,333.57077,256.86628,153,71.21833,1096478
59.999,2193,283.35385,242.82661,153,105.11667,1098014
59.991,1868,263.86711,127.76948,127,84.92167,944045
59.99,2221,484.39663,362.17407,119,53.16,1121519
60.003,2550,553.97995,193.40232,123,46.37833,1283759
59.999,2015,340.7259,176.95514,144,93.97667,1005409
59.998,1810,343.7889,275.87555,150,123.50833,906294
60.003,2489,573.88374,323.99154,119,72.70167,1267954
59.991,2439,875.13139,679.01706,135,88.4,1224885
59.99,2162,414.41565,331.2595,98,84.13667,1085938
59.991,1972,621.36871,375.96179,149,84.86667,995523
60,1904,93.12974,45.94069,184,133.555,949221
59.996,2282,343.81207,236.97634,116,81.41167,1141845
59.993,2763,232.24375,63.16568,102,59.2,1379225
59.994,2004,552.65694,388.19785,159,120.77833,1008831
59.998,2015,394.40382,234.73567,159,84.31833,1017869
59.994,1906,108.28163,49.62591,114,97.36333,954814
59.99,2201,384.47074,233.28276,149,100.13833,1111530
59.992,2299,691.10379,583.34293,94,73.12833,1157914
59.99,2388,178.41202,103.18132,127,58.36167,1202791
59.995,1986,57.4427,42.63982,167,119.36,993801
60,1983,122.47554,48.63433,120,84.02667,991621
59.994,1974,148.51967,125.27974,166,79.82833,987168
59.997,2255,224.33306,144.95657,95,51.70167,1132044
60.001,2012,203.14547,103.25828,123,73.56,1013501
59.997,2262,258.52259,168.88181,131,61.275,1131752
59.997,2315,478.06805,386.04281,165,88.745,1164484
59.997,2686,472.14461,289.62624,97,38.935,1344761
60.004,2011,168.31338,94.74171,159,115.5,1006323
60.031,2042,453.92947,388.8056,142,112.84333,1027156
59.99,2258,479.14449,329.05352,140,111.895,1137643
59.994,2198,288.20844,189.60037,142,87.8,1108398
59.998,1725,620.33123,419.28652,157,107.52833,868657
59.994,2296,446.39989,340.5392,139,74.84333,1158460
60.004,2446,572.94141,423.20739,139,78.29833,1228817
59.996,1772,430.96695,312.4374,161,97.22167,891943
59.99,1989,90.73847,62.81222,156,79.30667,992384
59.99,2398,177.33435,78.05554,110,59.37833,1210590
60.003,2425,215.7976,148.70417,103,50.855,1212287
60.001,2294,296.06335,169.44932,128,69.97167,1154093
60.002,1855,843.9315,685.79449,148,110.535,939111
60.004,1875,769.15044,580.80428,155,92.105,949111
59.992,1899,580.88197,498.02897,171,148.3,955510
59.992,2310,823.46753,681.60235,115,67.44667,1165009
59.994,2396,708.60916,621.20631,161,117.70667,1203994
59.993,2000,198.32416,152.6832,176,79.645,1010901
60,2036,272.22724,207.38518,141,96.47333,1025267
59.99,2253,174.86038,84.06268,106,62.085,1127145
59.99,1983,744.50366,453.29139,158,104.64,994333
59.995,1940,105.45809,54.28762,163,98.21333,969989
59.997,1841,165.52009,142.63463,198,141.17833,923291
59.994,1967,73.10153,42.77955,156,91.79833,982940
60.003,2334,205.79163,51.67334,132,96.565,1171589
59.999,1896,120.29265,68.22565,204,148.95833,947491
59.991,1920,276.20917,213.94833,160,81.03,961073
59.999,2150,676.25986,498.33473,112,79.51333,1078936
60.004,2040,116.1155,48.60055,141,97.30833,1019321
59.996,1813,225.89659,182.19619,179,106.89,911064
59.991,2111,212.52538,103.98516,128,68.72,1061795
59.999,2540,275.9669,44.60382,126,89.44167,1277977
59.997,2021,211.57623,139.66012,147,91.28667,1011003
59.994,2392,295.3557,179.61245,133,61.975,1196032
59.991,2148,257.58338,145.83473,114,68.21667,1079921
59.996,2157,393.32314,283.53692,129,103.42167,1091918
59.992,2127,535.29537,442.19132,117,77.59167,1069227
59.997,2298,780.69554,685.95735,120,74.09,1158063
60.001,2415,688.33754,573.49714,103,86.94,1210001
59.994,2070,372.99312,297.05776,152,87.32167,1038993
59.998,2070,977.03404,852.5484,164,127.07333,1041963
59.991,2093,233.2595,138.3285,143,49.62167,1054064
60,1982,323.51823,264.99312,143,101.23667,993725
59.998,2046,617.55856,499.50795,174,118.19833,1030412
59.998,2186,332.89477,278.39118,166,108.69,1095810
59.994,2259,683.23915,570.57248,129,103.86833,1135143
59.99,2139,113.18247,42.97545,90,68.68667,1072438
60.001,1980,316.01151,273.28467,149,92.41333,991426
60.002,2477,239.26846,197.91299,87,65.69167,1244715
60.002,1891,710.92383,565.80753,144,112.52167,949927
60.002,2635,359.21027,66.16855,139,101.285,1320341
59.99,2146,840.84862,720.533,156,123.12,1084437
60.001,2056,116.91332,46.9016,111,79.56333,1031806
60.003,2232,617.35712,402.61687,190,81.215,1124159
59.992,2177,187.61452,110.0824,182,83.05167,1087984
59.998,2042,105.35637,53.23856,91,61.75,1021027
60.001,2174,540.45331,330.84675,136,75.185,1091708
60.002,2063,657.76746,441.03986,143,99.45667,1036113
59.998,2318,574.61205,456.12828,134,98.30333,1167366
59.994,2176,77.89246,41.45106,151,117.14167,1089847
60.002,1992,450.69605,341.63022,161,92.64333,998014
60.001,1787,383.34108,316.40388,162,125.98333,899428
59.99,2195,156.57603,64.62305,142,87.945,1100262
59.997,2132,126.80608,48.93614,155,102.41,1065383
59.996,2589,634.82319,491.00957,143,104.94167,1295793
59.99,2109,125.46233,63.15029,172,92.17333,1054109
60.001,2462,252.10523,191.36889,119,68.26,1234413
60.016,2122,384.09519,263.03128,145,93.63167,1068233
59.997,2051,276.0026,126.27289,134,62.05833,1024643
59.99,2154,232.46027,178.66408,138,77.86833,1080350
60,2035,139.72565,65.86428,92,52.105,1022489
59.999,2461,514.97551,419.28169,145,68.8,1237061
59.993,2188,359.86103,205.52954,101,43.52,1095476
59.994,1914,272.55044,229.7412,144,111.945,956394
59.996,2204,342.41947,178.47979,125,61.23,1107039
60,2433,304.50735,155.6036,99,41.025,1227364
59.995,1834,315.00713,187.75103,128,89.09833,917800
59.991,2416,312.99994,193.92307,151,75.545,1215894
60.004,1917,93.03061,59.91041,121,67.37833,957437
59.998,2132,333.01704,256.60159,167,75.58333,1074256
59.997,2344,500.1769,415.17846,94,52.8,1180630
59.992,2201,624.60348,533.37505,122,80.89333,1102054
59.994,2202,63.28917,40.53825,126,56.43833,1098856
59.99,2121,281.0616,176.926,157,90.12667,1059630
59.993,2172,231.8026,178.57941,119,75.01333,1086455
59.992,2336,365.25356,236.46481,129,57.085,1172021
59.991,2070,310.33011,268.75331,119,96.55667,1034859
59.995,2622,201.69136,104.49534,111,59.50667,1315224
59.999,1964,124.8405,81.93994,178,89.145,982886
60.003,2489,85.2067,46.4195,151,95.665,1243377
59.993,1995,188.59388,114.45216,104,69.63167,998047
60.003,1910,106.74797,67.39335,134,89.915,954410
59.996,2026,249.05923,219.71266,149,100.35667,1017516
59.991,2395,892.68105,782.82821,108,80.89667,1202226
59.991,2352,468.8687,303.38849,135,64.94333,1178637
59.997,2285,698.59203,624.54192,140,116.72333,1151608
59.996,2204,112.15573,50.02498,124,94.31833,1104257
60.002,1740,268.73177,217.2808,162,114.12,873725
60.001,2255,271.27548,136.86485,124,68.585,1133747
59.995,1739,680.63633,484.20022,183,99.22,875113
59.992,1934,554.11311,454.98207,163,100.67,973917
59.998,2415,492.90939,342.47618,131,86.995,1222481
59.992,1947,125.31597,45.0196,169,120.83167,974467
60,1952,153.44943,115.47117,183,93.53,981430
59.996,1933,99.58228,65.78507,120,76.62333,964730
59.994,2010,532.31428,368.90163,155,119.85333,1008858
60.001,2519,449.66231,356.22236,106,76.01333,1275722
59.994,2009,404.93409,307.13999,169,102.69333,1007784
60.001,1997,83.96879,60.60372,180,87.20667,995884
60.001,2545,656.1022,534.59934,135,70.97,1278249
60.001,2514,630.62922,488.16672,117,58.24667,1271165
60.024,2617,181.19675,58.31812,141,61.77833,1316514
60.003,2155,312.70413,220.53663,127,62.945,1087220
59.992,2028,233.76991,155.674,174,100.085,1017724
59.995,2122,107.28823,46.48109,120,86.07,1062470
59.995,2195,461.88183,299.18057,112,82.785,1103089
60.001,2057,554.32562,320.41873,114,80.785,1036094
59.99,2088,233.13676,151.08346,160,71.01667,1044909
59.995,2118,182.99433,64.28206,121,52.18333,1057284
59.991,1925,593.10971,533.11094,141,125.12833,966068
59.995,2109,383.60667,292.34347,110,68.03833,1055058
59.997,2352,409.95982,298.96605,78,50.70167,1183339
59.991,2015,162.32438,100.42899,138,90.735,1010963
59.998,1945,111.58057,60.32249,145,99.36667,973794
60.002,1930,279.20876,215.02488,175,96.795,971180
59.997,2035,182.32933,56.49463,135,84.08833,1018324
59.998,2100,135.52547,88.6368,131,84.70333,1051813
60.004,2074,739.34833,567.22254,139,99.82,1043318
60.004,2132,712.75029,618.82037,156,112.445,1074175
59.99,1926,910.22918,773.98213,168,115.90333,975017
59.993,1889,567.22579,379.89671,172,115.18,946716
60.001,2279,545.48567,453.45144,113,98.595,1145011
60.001,2220,96.94982,45.47801,125,79.41167,1111984
59.994,2427,356.37292,152.64582,108,50.59,1227130
59.996,2013,124.6336,89.42587,169,108.14667,1008783
59.995,2042,372.3721,329.85567,153,114.735,1023394
60,2017,255.77148,133.51331,170,81.74833,1010753
60,2161,131.37922,49.74353,115,90.735,1085514
59.991,2327,240.558,158.41229,135,59.94333,1177367
59.993,2040,177.38651,83.36309,145,61.25167,1022778
60.033,2560,125.10714,50.13026,98,54.85,1284415
59.993,2367,347.06891,290.79948,76,38.48,1183361
60.004,2047,167.02572,91.06563,120,71.74667,1024757
60.003,2046,108.93658,50.45211,160,109.79333,1024747
59.991,2230,570.4542,303.49651,150,68,1123778
59.991,1955,227.0504,165.53055,141,93.18667,977443
60.002,2434,193.38427,58.65359,65,35.12833,1224274
60.002,2312,114.7638,50.22344,119,100.44333,1163161
60.003,1925,120.54257,77.97023,117,88.58,964254
59.99,2602,244.28748,120.04356,150,82.50833,1309962
59.994,2120,165.55783,110.16876,140,84.71667,1059243
59.992,2303,889.85305,760.10858,134,106.38667,1150100
59.992,2025,51.54865,36.23103,130,98.19167,1011200
59.99,2460,508.69448,370.98978,148,96.20667,1234651
59.994,2023,286.12009,217.76598,141,88.13667,1018614
59.993,2201,219.95956,96.79335,133,81.47167,1104742
60.004,2858,420.61138,125.84344,95,37.08,1438645
59.992,2027,280.11861,201.88688,156,87.20333,1019374
59.999,2227,226.79341,179.30505,100,58.02667,1121871
59.996,2224,119.9127,50.65247,143,79.945,1112717
59.993,2130,160.99464,52.40799,99,61.23167,1073834
60,2240,203.14753,97.8809,122,62.58833,1126110
59.991,1917,150.86434,80.90614,184,119.81833,962990
60.004,2584,608.53801,119.65335,87,58.685,1286869
59.99,2046,118.84113,57.39702,144,77.805,1023775
60.002,1991,270.5252,150.99283,122,53.05833,998646
60.002,2188,258.33627,190.69259,156,95.71667,1098693
59.997,2206,666.02252,556.00661,117,68.09833,1109618
59.999,2354,141.85924,48.81654,158,95.075,1175704
59.992,1977,136.42649,75.40511,136,98.01833,988393
59.996,1962,99.62772,55.86997,155,54.26833,980150
59.99,2093,564.91328,437.0108,118,89.89667,1048206
60.003,1755,137.69436,52.24477,128,109.88333,877825
59.992,2253,769.80367,568.0251,98,65.35333,1127630
59.995,1713,540.06564,433.4469,189,134.4,862479
59.995,2272,292.90658,216.22569,122,90.48,1140825
59.99,2440,258.18871,149.08476,67,26.96167,1238839
59.998,2122,218.49823,115.06448,125,62.97333,1066285
60,2182,409.8563,313.99614,161,101.125,1096453
60.004,2132,703.82992,530.21473,160,84.21167,1074986
60.001,1840,843.1859,664.36064,172,116.445,926624
59.999,1799,334.44855,256.00286,150,106.67,901972
60.004,2786,287.82385,163.9945,111,60.15167,1401947
60.003,1945,310.03887,244.72053,137,82.93167,975964
59.995,2327,697.68554,593.16017,110,77.625,1178651
60,2165,69.54198,44.91612,113,67.63833,1085734
60.004,2046,49.83055,40.37282,131,80.50833,1024647
59.991,2493,617.01781,498.5828,106,83.00833,1252641
59.99,2121,472.90465,398.20644,140,111.335,1060912
59.991,2155,115.06666,37.6642,152,117.90333,1076894
59.997,2719,644.71191,547.69834,130,92.60333,1360906
59.99,2426,283.15358,230.27453,123,63.33333,1219081
59.991,2098,854.33114,499.20559,139,105.07167,1054667
59.99,2505,354.73849,149.88544,111,69.75667,1262880
59.991,2436,413.61252,291.05275,99,53.15167,1226225
59.993,2502,299.23493,193.20482,141,45.735,1258732
59.996,1965,545.16833,446.52586,152,109.61833,987885
60.003,1829,601.55174,533.09306,161,127.11,917302
60.003,2328,268.38866,95.02972,106,49.59833,1167149
59.993,2296,725.35435,631.32933,139,112.17667,1149870
59.995,2116,173.95051,117.76633,98,65.84833,1061881
59.995,2071,761.24829,509.09558,142,102.01667,1043869
59.991,2305,158.98811,116.45942,115,89.13333,1151716
59.992,2348,436.84704,357.04727,121,71.96,1184027
60.044,2165,275.08575,172.73749,168,100.25167,1090787
59.993,1916,211.24591,86.06844,167,85.285,963326
60.001,2783,309.27829,69.37586,98,75.36833,1399577
60.004,1942,97.33646,71.00076,142,102.43,972205
59.997,2111,195.24594,86.17007,178,81.95,1060041
60.004,2176,626.85346,533.05869,127,73.48833,1094521
59.99,2281,435.55707,350.50399,132,105.30167,1142839
60.004,2079,331.89531,238.76441,146,97.09667,1039732
59.995,2469,449.79681,384.41929,153,94.855,1243931
59.99,2302,138.01931,103.74906,100,78.75167,1154286
60.004,1856,408.37998,328.42773,171,103.61,931533
60.001,1942,152.91367,98.94583,168,120.085,969662
60.001,2207,313.72372,267.90942,138,117.10833,1108262
59.993,1745,380.42624,283.22388,154,114.035,881770
59.99,1923,304.52684,237.53031,155,124.83833,966898
59.999,2302,203.66807,50.88568,118,35.575,1157163
60.002,1788,421.8601,377.36792,170,113.98,895630
60.004,2182,781.30078,697.98127,150,104.01,1101332
59.994,2136,638.0963,528.11774,110,67.57167,1075239
59.991,2122,112.37004,41.74139,79,59.87167,1063646
59.998,1792,96.93391,73.75394,210,94.68833,896970
59.99,1816,104.11048,65.6376,156,138.28167,909087
59.99,1893,238.07521,187.98984,176,99.62333,950323
59.993,2407,484.42487,395.24569,140,105.29667,1208591
59.99,2287,385.31249,206.74824,104,80.02833,1151464
59.995,2307,109.70136,39.40859,67,36.18333,1156504
59.99,1851,807.36555,511.18284,143,116.50167,936672
60.003,2156,62.01743,46.29217,146,84.46333,1076334
59.992,2191,69.57257,42.97406,126,81.325,1092921
59.99,2139,183.73328,47.94368,120,76.18,1071886
59.992,1923,237.65203,102.80536,193,107.13667,966978
59.997,2231,231.51089,173.01911,129,51.34167,1122969
60.002,2235,121.00959,48.3609,128,92.06333,1117149
60.001,1638,535.14415,447.75384,160,124.33333,825555
59.99,2133,543.97475,403.88771,158,99.03667,1072772
59.993,2268,269.65832,168.38404,153,89.83167,1139675
59.999,2206,981.13186,546.1264,157,120.79167,1113540
59.994,2512,171.29559,105.76863,117,59.18,1264453
59.998,1770,66.74202,42.53079,191,65.01333,882048
60.001,1935,99.84288,50.62083,137,93.73667,969188
60.001,1904,172.1227,138.44164,169,117.17333,955927
59.99,2004,554.75844,462.21917,148,101.205,1006585
59.998,2724,175.79572,93.51335,126,77.08167,1369610
60.004,2253,211.28078,58.04322,92,68.81,1133816
59.992,1802,209.50647,140.56032,149,82.32667,906487
59.99,2544,801.88548,633.17582,95,70.50333,1278890
59.992,2152,557.09967,431.8588,129,90.73333,1077625
59.993,1803,60.92521,40.78714,157,68.94333,902643
60.004,2070,182.26231,83.40004,129,68.39667,1040355
59.999,2449,510.2568,267.10385,89,13.84667,1240509
60.003,2079,184.66659,97.77053,139,74.30667,1050333
60.001,2133,592.15425,496.88679,114,77.21333,1072481
60.002,2281,386.06055,251.32786,154,89.65833,1149675
60.04,2177,369.10541,252.5902,117,85.21833,1091218
59.99,2057,221.57452,84.79939,121,73.79833,1030700
59.999,2482,584.74475,403.68146,103,72.88167,1248856
60,2386,498.48851,393.92988,141,96.00333,1202658
59.996,2134,538.32748,436.1727,153,112.905,1075090
59.997,2329,420.82843,313.25359,106,74.46167,1172444
59.992,1706,409.91426,348.85753,179,126.09667,860558
59.992,2054,149.35989,73.15607,137,88.60333,1030044
59.998,1905,348.59247,267.03356,168,109.15333,960250
60.004,2027,262.0795,153.41335,153,131.77,1020668
59.994,2358,862.29384,605.89769,130,64.65667,1185226
59.995,2287,157.69903,93.38535,115,60.21167,1155793
59.993,2416,308.70559,251.34705,99,71.21167,1211621
59.992,2224,495.59447,318.8434,152,83.3,1120767
59.999,2483,245.94699,76.94803,78,52.33,1247050
59.999,2210,109.45469,45.96252,132,101.61167,1108405
59.999,2297,661.33393,283.2489,118,75.35333,1160933
59.996,2132,145.86718,45.05346,108,85.63667,1065264
59.991,2020,469.07124,364.92125,148,117.31,1012505
59.995,2350,483.93897,381.84009,135,85,1183765
59.996,2281,248.52667,155.82405,102,61.89167,1152523
59.99,2133,112.55056,42.31286,165,116.73833,1064964
59.998,2289,615.18015,472.76849,141,107.83833,1151027
59.998,1972,533.409,314.68553,124,94.42333,994144
60.001,2229,240.69727,94.80502,133,98.305,1117982
59.99,2085,380.79679,336.28056,117,83.74,1050111
59.992,2196,193.28494,100.82711,95,60.14667,1104928
59.996,2732,719.96325,582.75144,106,88.55667,1361164
59.993,2335,329.12076,241.37085,79,59.37833,1164351
60,2423,651.28953,435.09799,112,90.48667,1216977
59.991,2112,476.31791,362.1926,138,69.07667,1059128
59.99,2337,359.68262,193.36711,102,64.39667,1175587
60,2119,125.80121,46.32615,117,72.005,1063430
59.99,2039,179.43643,137.05606,155,86.61833,1022992
59.998,2026,53.46974,45.57357,118,63.52333,1013230
59.998,2138,148.73144,50.48296,144,95.09167,1067349
59.99,2352,142.6539,57.0341,127,104.465,1178660
59.99,2445,369.45492,287.94717,108,68.76,1227220
59.994,1891,206.51183,154.4012,160,118.99833,951625
59.999,2078,301.91093,258.86334,134,102.56667,1036889
59.99,2083,252.91277,174.72557,96,67.23833,1041493
59.999,1965,142.91844,62.64819,158,115.44333,988784
59.99,2341,339.40207,280.78124,130,84.95333,1178497
59.997,2112,177.43298,99.20024,106,58.69167,1055809
60.004,1909,252.43168,126.54918,115,84.07333,961847
59.997,1932,645.95422,572.29414,165,82.08667,973545
59.991,1962,273.72067,205.21898,117,106.23,983285
60.001,1934,99.76856,69.50567,165,64.07667,967280
60.003,1895,319.02632,231.00459,140,85.08167,953130
59.991,1955,260.38357,173.96067,134,80.47167,976193
60.004,3049,468.23061,256.39163,80,53.11833,1559430
59.997,2556,528.03539,218.42316,120,49.65167,1289230
59.995,1934,464.7902,357.66936,160,95.02167,976520
59.998,2383,556.97998,361.25727,126,121.98333,1199287
59.991,2028,428.81631,294.52492,164,87.53333,1023231
59.992,2259,519.79032,399.15145,156,80.36,1137143
60,2067,47.69746,39.97756,139,120.55,1033828
60.001,1857,210.78358,170.49431,187,92.44833,934843
59.996,2344,258.76334,162.07257,152,60.17167,1181210
59.99,2313,140.42496,53.87571,131,92.12167,1156776
59.991,2199,634.22845,471.15871,119,77.27333,1106942
59.992,2211,344.73839,251.05793,164,61.52333,1107978
59.995,2320,478.03161,416.14214,121,97.28167,1166042
60.003,2261,603.76528,479.05666,106,72.06,1136941
59.991,2286,280.21203,99.44785,105,57.145,1145726
59.99,2711,516.04488,363.72606,141,80.135,1365036
59.992,2157,209.96863,124.00812,146,71.77667,1081526
60.003,2135,322.43181,273.64908,210,82.53333,1072048
59.996,2063,135.85935,45.60584,89,46.47333,1038959
59.99,1969,93.95185,43.89313,157,85.89833,988617
59.99,1714,307.5539,197.51696,171,94.97333,863787
60.004,2321,668.59605,536.39933,118,86.025,1171658
59.995,2530,656.36616,501.15576,94,54.37667,1261746
60.004,2586,663.42808,554.84376,152,114.405,1298872
59.99,2017,779.84587,594.0531,132,90.82833,1013501
59.993,2101,160.85402,63.14628,128,78.12333,1052272
60.003,1907,388.04642,309.10386,185,79.29,956782
59.995,2396,422.86304,305.90969,128,75.22167,1204815
60,1905,524.46494,365.61331,161,121.095,956864
59.998,2093,410.59711,330.91604,143,67.47167,1050840
59.992,2233,132.23397,41.98583,143,75.15167,1123677
60.005,2024,637.84654,440.14343,145,104.58833,1019465
59.996,2260,875.12555,799.13741,149,119.535,1138688
59.994,2344,313.8262,171.27613,78,58.46667,1173683
59.993,2088,874.37302,508.31899,142,87.915,1056010
60,1869,87.34345,50.78061,207,106.42833,938414
59.994,1956,74.64115,44.39383,131,90.47167,978489
60.002,2285,177.25394,125.52329,115,51.56333,1154267
59.991,1966,424.13938,302.10373,146,92.99667,990615
59.99,2038,457.59296,341.35749,138,92.955,1029974
59.999,1863,92.12831,51.55857,194,113.98,932293
59.99,1998,659.57634,449.06135,106,73.89,1008644
59.994,2212,332.98677,104.4095,133,69.70833,1115393
59.994,1719,206.52686,117.85347,183,90.89333,861807
59.992,2035,163.94635,110.60185,117,73.17833,1021432
59.995,1878,177.29257,97.7411,172,78.55,940850
59.996,2270,499.0282,420.54113,116,78.63833,1140009
59.997,2261,260.15153,190.94474,122,58.81167,1141284
60.004,2497,322.99845,274.9828,137,59.68167,1245122
59.993,1981,189.36249,68.31608,166,126.10667,994002
59.996,1951,141.47413,68.96772,161,100.69667,976375
60.001,1814,332.90152,251.70655,130,106.665,909425
59.99,2223,500.39319,415.95372,122,85.16333,1115584
60.006,2233,104.60709,44.46786,127,97.28667,1115729
59.996,2343,853.6756,660.99405,124,104.365,1176175
59.996,2019,582.59746,523.04196,151,102.25167,1014754
59.993,2070,106.39451,62.45533,135,94.67,1034408
60.03,2398,337.10883,274.94863,130,112.74667,1207189
59.998,1982,153.23394,115.27027,129,63.91167,988450
59.991,2159,595.3651,331.86494,117,87.9,1091915
59.99,1922,300.51464,262.55076,124,89.17333,962760
59.99,2457,302.565,249.50686,128,72.365,1230784
59.994,1751,358.77751,287.87352,178,154.32167,880308
59.992,1817,265.38834,193.70682,167,108.29167,912805
59.99,2119,592.1242,509.65321,146,122.66,1064506
59.998,2115,393.53503,254.68233,129,75.31333,1071628
59.992,2131,452.42314,373.77584,127,99.92167,1078982
60.004,2069,103.86169,46.79401,134,116.915,1036185
60,2653,212.26477,133.14803,85,34.76167,1328143
59.995,2057,73.96048,46.84714,158,96.82333,1027691
59.999,2193,592.53242,483.85177,141,80.78833,1104225
59.99,1859,202.92149,162.92576,163,105.185,936169
60.001,2210,347.41681,170.28439,85,40.86833,1111912
59.991,1997,672.50068,485.79673,162,103.915,1006262
59.994,1926,316.30976,160.64515,149,88.57167,966499
59.997,1911,128.7972,46.84004,164,75.975,957153
59.991,2077,433.3207,283.67708,143,106.76333,1041899
59.99,2036,142.32116,73.75196,152,85.15333,1020851
60.004,2131,501.54325,395.59883,151,78.765,1071531
59.99,2213,85.29398,42.94746,112,63.24667,1107361
60.001,2117,264.43895,138.77877,119,76.44833,1063423
59.998,2143,91.83759,46.836,120,71.69,1072666
60.002,2040,178.91218,69.88855,165,82.78167,1024900
59.997,1753,839.53219,680.8619,177,114.61,882224
59.994,2354,90.92326,42.45071,108,57.75667,1179005
59.991,2096,94.8657,45.91638,131,101.08,1047297
60.019,2094,682.31298,535.61371,122,82.13,1048567
60.002,2096,355.86885,188.92051,123,70.26,1054290
60,2000,448.48579,411.32044,170,73.67,1011588
60.042,1927,236.41154,86.1119,161,103.70167,967717
59.997,2293,351.00122,308.53196,151,83.07167,1150903
59.995,2255,445.51849,286.7806,100,53.99667,1137160
59.997,2116,834.14453,734.41186,164,88.455,1062731
59.993,1859,416.82688,251.16817,139,91.35833,935168
59.99,1987,255.50511,177.93704,155,78.685,1000220
59.995,2393,303.22643,177.04908,144,67.99333,1208117
60.004,2330,459.55703,295.71914,114,49.80833,1174429
59.997,1877,550.46936,432.4811,141,87.85667,950279
59.995,2051,706.75761,547.72677,124,98.66167,1030425
59.997,2436,873.89118,786.80775,134,93.71833,1227160
60.003,2287,185.79716,53.57365,136,84.36,1146708
59.991,1971,171.87006,57.69193,125,75.71167,987691
60.003,2532,510.24038,456.61664,127,110.28667,1274733
60.001,1980,221.46414,154.26476,165,101.04,1000141
59.99,2238,545.91885,318.31213,121,88.06333,1127171
60.001,2037,539.33112,408.89323,167,135.46833,1029909
59.998,2669,579.46022,440.57355,91,62.23667,1356855
59.99,2219,182.87874,146.38365,111,62.88,1115613
59.995,2348,233.73256,209.802,141,99.735,1182182
60.003,2121,161.25626,95.88949,159,62.89167,1067012
59.993,2183,154.15297,50.11626,135,100.465,1101843
59.99,2635,217.75311,77.8219,100,76.01333,1333231
59.996,2102,111.11198,47.91351,124,91.32667,1050543
59.99,1860,652.16311,436.04794,159,118.40333,934018
60,2279,112.11666,54.65587,116,77.20667,1147740
59.999,2042,101.05399,46.96124,149,108.04667,1020323
60.001,2074,163.91563,63.1695,117,83.72833,1034933
59.996,2056,314.45059,246.10647,155,71.15167,1036382
59.995,2486,257.6265,145.08528,112,58.93333,1249764
60.002,2321,418.43864,364.58246,120,90.78667,1164439
59.994,2257,763.32241,540.52103,146,135.12,1138650
60.001,2236,78.76657,43.28982,169,118.80833,1116479
59.997,2203,416.90743,304.87496,120,91.98333,1101504
59.991,2016,532.40214,395.64426,150,107.54,1012660
59.996,2010,813.52089,600.69498,152,112.85833,1015335
60.002,1833,200.2879,116.91519,167,71.39833,918670
59.992,2116,586.85019,451.57306,155,121.18667,1060835
60.002,2358,101.20064,50.15484,132,88.36667,1178821
60.003,2282,384.33298,261.00096,131,76.645,1149032
60.001,2121,84.63801,61.40909,132,55.74,1061305
59.995,2014,187.40207,117.69934,165,101.35,1008231
59.99,1988,385.83277,252.15301,153,108.275,1000188
59.99,1977,232.9878,171.45763,123,72.06,991256
59.997,2064,726.80984,613.30346,136,98.825,1041106
59.991,2205,640.47246,457.96384,146,94.625,1109414
59.996,2359,372.46396,206.15899,105,83.41333,1190335
59.997,2265,434.09553,291.97165,132,86.20833,1138297
59.99,1942,142.16454,84.41078,162,104.77833,972535
59.998,2052,213.8243,176.95116,162,92.45,1030615
59.993,1853,426.06925,361.60492,175,148.57,932710
59.994,1948,166.9179,123.78527,168,89.21667,975783
59.99,2182,494.81475,337.50703,137,86.035,1094751
59.997,1978,148.92738,85.28515,136,59.105,988533
59.999,2523,455.82634,309.88074,129,76.44,1277645
59.996,1948,165.16044,81.41732,98,65.24333,976633
60.003,1969,498.13924,408.36502,147,96.955,987797
60.004,2245,606.33221,509.59253,102,58.195,1129388
59.994,1946,134.94752,70.63579,137,67.005,975400
60.002,2130,226.13085,153.28575,174,73.8,1067754
60.002,1948,217.06141,147.63077,134,85.65167,976468
59.99,2012,103.76468,44.04108,125,105.96,1007324
59.993,2077,88.70532,46.09774,124,84.13833,1040262
60,2438,70.02446,44.77531,125,81.33333,1216527
60.002,2437,193.34137,104.77129,122,57.82,1223413
60.002,2033,238.69847,55.2551,118,89.6,1020687
60.004,2338,664.43365,558.56696,117,89.305,1174182
59.998,2575,408.29383,320.62232,131,57.02,1291910
59.99,2217,47.85488,43.08168,152,81.52,1107752
59.997,2202,179.37598,146.7478,134,95.93,1109390
59.999,1994,210.95419,85.60212,130,83.50333,997419
59.991,2115,253.88076,176.71749,160,55.67,1054339
59.998,2110,531.50545,409.16321,139,79.59833,1064365
59.998,1884,641.58962,570.64062,150,120.04167,951911
59.99,2393,361.3258,106.60357,122,75.42333,1203382
60.001,1888,205.97761,81.95573,136,94.80333,946971
59.99,1880,503.7004,298.20189,146,98.16,941648
59.994,2272,488.46926,403.19791,128,83.95,1142252
60,2318,275.95959,106.78504,127,72.8,1163648
60,2770,772.50973,430.55549,142,79.59167,1396649
59.997,2066,862.96986,614.74447,160,104.775,1042833
59.99,2314,582.82067,482.0548,143,78.265,1164684
60,1663,413.77173,316.90587,168,126.99667,835558
59.992,1980,496.07229,434.73288,146,111.46667,997807
60.004,2289,246.86788,60.68139,136,66.03,1146594
60.004,2107,184.27986,55.84055,131,78.28,1057783
60.004,2773,394.65791,262.58967,96,51.89333,1385176
59.992,2238,111.39746,51.17461,104,73.99,1121506
59.994,2329,619.58017,532.52574,88,78.38833,1164228
60.001,1911,126.1919,77.18882,140,48.275,955860
60.004,1970,114.52555,85.17488,126,87.905,985081
59.993,2153,52.04056,43.7697,98,72.90167,1074947
59.999,1919,158.54466,108.26933,182,146.19667,961524
59.995,2106,124.55107,52.48283,129,77.93167,1056366
59.995,2168,115.00221,51.22266,133,106.39833,1082079
59.996,1993,66.43844,44.75918,170,113.40667,997278
60.001,2218,356.78611,126.37933,118,40.51167,1110660
59.991,1922,114.09403,80.54625,136,90.56167,961337
59.993,2122,413.25008,304.01328,133,84.32167,1070065
59.991,2020,928.67266,759.0384,155,123.585,1013558
60.003,2430,365.80387,292.35753,101,62.59167,1214080
59.999,1801,346.59236,261.78665,134,123.86167,905134
59.991,2106,697.63237,525.90758,111,83.46,1061100
59.993,2076,128.43365,63.30924,146,109.7,1042387
59.99,2093,243.09626,148.81998,153,97.17333,1051898
59.995,1872,618.06516,433.02892,133,63.935,947984
59.996,1920,417.15137,340.89154,145,121.02167,966224
60.003,2097,404.33479,291.40737,139,87.755,1053559
59.994,1823,445.20293,357.40916,164,121.14833,918628
59.995,1968,48.6819,42.42278,141,107.70833,984274
60,2225,473.52158,399.04791,102,75.46667,1114616
60.002,2057,472.99134,378.61102,142,99.75,1030793
59.993,2422,344.59922,205.749,100,72.50833,1226770
59.992,2477,169.94302,81.51657,112,76.085,1250773
60.002,2248,173.85602,51.87505,95,67.88833,1124985
60.001,2066,61.34224,41.68315,169,92.62333,1031139
59.998,2247,803.57569,541.60288,173,141.03167,1134882
60,2354,375.54308,292.64573,97,71.51667,1179668
59.995,1856,338.97314,118.09193,159,84.06333,933972
60.002,2128,538.03053,322.02288,90,79.03,1070346
60.001,2146,409.22408,317.27654,189,86.66833,1080247
59.999,1866,91.22403,52.02096,144,104.035,933500
59.996,2509,492.42684,365.85488,120,78.93333,1259644
59.991,2393,200.91343,103.10343,116,77.25,1208521
59.998,1967,194.06294,51.05771,157,140.42333,995428
59.99,2249,162.24548,68.15414,108,77.15667,1127364
60.003,1934,428.11738,322.11245,130,97.87667,970869
59.992,1998,129.44788,77.70434,138,90.15333,1002663
59.99,1918,394.06407,342.17647,158,104.38,959228
59.99,1963,86.6019,48.05068,148,95.41667,979231
59.995,2036,482.96812,430.49961,137,93.56333,1022727
59.994,2192,203.75362,96.17224,106,93.83333,1092865
60.001,1863,206.49172,158.51309,179,92.59667,939661
59.995,2282,102.62208,41.73058,119,67.49667,1139800
59.993,2068,200.90242,145.29957,140,79.97833,1038424
59.999,2010,189.66113,99.12848,158,87.82833,1013398
59.992,2220,234.43849,85.08055,124,71.29167,1115912
59.994,2341,362.19961,134.4006,125,64.75,1178406
59.997,2172,145.27967,52.8015,86,62.585,1089633
59.999,1968,103.43305,54.06227,105,64.96,984111
60.001,2253,594.72385,446.3146,137,100.12833,1132574
60.001,2262,128.01461,65.04221,126,86.29167,1133152
59.998,1971,642.02821,461.05117,111,79.45333,995672
59.993,1927,247.49958,184.36184,128,79.81333,969908
59.996,2341,108.49164,53.81815,90,50.93,1170841
59.993,2360,242.9182,48.84636,94,44.15,1184905
59.998,2698,158.5512,113.40629,85,32.80333,1357390
59.991,2209,264.63842,154.4349,94,46.57667,1106590
59.998,2287,199.35077,52.26131,127,93.80167,1153658
60.004,2071,396.58007,283.84369,155,80.77,1040826
59.999,1975,658.93548,441.42551,176,103.89167,997009
59.994,2034,151.0364,60.67378,177,120.565,1018753
60.002,2984,783.00058,441.14739,109,82.155,1500749
59.993,2191,105.45745,52.21701,178,78.45,1095975
59.991,2116,324.0582,246.58362,150,102.715,1058936
60.002,2361,458.08472,340.70743,135,101.14833,1188656
60.002,1989,471.98223,328.23847,141,126.21667,1003004
59.99,1956,147.48398,73.30058,180,78.77667,979098
59.992,2504,329.40635,178.01508,105,60.59667,1270821
60.002,1874,93.89647,46.69952,143,95.61167,935804
59.995,2219,303.84367,138.46968,116,65.115,1109281
59.998,2282,421.22546,336.73957,135,91.35167,1151998
59.995,2267,556.8193,428.6121,131,81.40167,1140983
59.996,2449,444.09382,258.95077,64,46.63167,1231459
59.999,2230,402.81965,140.8512,101,59.775,1127436
60.003,2057,64.87075,44.00775,123,61.085,1026803
59.99,1865,361.77146,298.04263,140,103.99333,940002
60.003,1813,268.07054,118.43868,216,165.57,911348
59.991,2376,581.10498,444.15341,101,53.04167,1196572
60,1966,401.70696,283.91943,154,87.565,988954
60.002,1784,325.74969,223.54174,173,96.17667,899352
60.001,2475,368.64692,325.5294,146,72.725,1240219
59.999,2232,647.79183,569.6596,140,78.375,1116354
59.993,2150,199.90336,122.32022,145,79.60667,1074090
59.994,2066,247.94586,165.93905,93,79.95,1038968
59.998,1956,405.73006,317.24174,176,112.43167,979742
60.003,2220,242.29612,66.87217,156,102.44,1121480
59.995,2183,565.88407,472.25196,144,96.02667,1098161
59.999,2438,666.78321,448.78671,115,87.07167,1217752
59.995,2282,626.4934,531.24667,111,55.33833,1142464
60.001,2099,877.13945,671.36586,118,84.94333,1057164
59.999,2083,234.30922,151.6662,150,73.46667,1048626
59.99,2633,394.64377,206.01347,96,48.12833,1342668
59.99,2321,543.05398,481.85173,155,109.15833,1164602
59.992,2802,462.49019,264.94817,117,82.52,1408070
60.004,2055,228.76314,81.7073,149,67.625,1028642
60,2141,422.96654,263.55825,179,93.05,1077943
59.995,2284,106.11568,53.81695,142,84.37833,1143592
59.99,2094,123.25199,62.9971,125,63.74667,1050474
59.999,1872,215.37562,110.23316,146,77.75,942639
59.995,1949,94.1081,48.08991,173,66.80667,978898
59.997,1799,744.84447,446.18685,165,103.45,904656
59.996,1963,180.83875,63.83086,137,92.64333,981636
60.004,2110,781.24224,653.04275,122,74.74,1059910
59.999,1982,129.91947,67.41541,179,120.12833,994238
59.994,2708,718.68718,305.47711,105,64.805,1367734
59.993,1920,223.29347,111.43304,119,77.55333,959976
60.004,2511,457.87851,324.53681,132,83.23667,1261135
60.001,2150,529.89396,402.59101,143,106.89833,1079385
60.004,2162,142.05384,71.57776,146,75.48333,1086138
59.995,2224,273.22236,216.36732,135,98.81833,1114196
60.003,2080,218.92193,122.95476,150,82.94,1045207
59.99,2609,644.50929,308.93608,87,79.735,1323676
59.99,2122,380.28999,285.0678,128,101.23333,1068260
59.991,2596,225.88833,87.46237,95,61.17167,1306485
59.991,2334,620.50579,497.33558,98,81.01167,1172023
59.991,2130,310.64185,231.74237,151,99.585,1067993
59.995,2051,438.2816,228.35891,112,58.31167,1032330
59.993,2671,180.48,123.69725,120,70.95833,1339297
59.996,2323,361.13861,278.69978,127,110.23667,1162136
59.995,1971,59.23169,42.12672,151,90.65667,985808
59.996,2415,512.81988,362.46263,137,102.84833,1219482
59.995,1950,142.90167,46.83119,152,115.275,974760
59.99,2085,168.90499,57.79557,118,72.68,1045524
59.996,2198,184.32022,85.92346,118,69.92167,1109107
60.002,2353,315.09783,55.39486,115,64.99,1177076
59.993,1935,190.80862,127.128,155,94.67167,971642
59.993,2003,128.52603,58.14027,142,98.69,1002107
59.996,2242,123.9537,68.72793,145,59.80833,1123171
60.001,2707,655.12859,571.57216,163,112.83667,1349139
59.999,2051,302.1868,201.80604,153,93.47833,1028681
59.998,1681,400.6701,308.10701,163,138.255,844669
59.992,2487,264.28835,183.11787,71,35.625,1255313
60.002,2197,176.56139,103.41775,113,58.42833,1101308
59.997,1924,215.31676,174.95021,125,83.19167,967701
59.991,1994,271.38823,246.63197,183,118.33667,999163
60.004,2088,162.90699,68.14669,150,82.7,1045700
59.996,2525,384.21581,268.37473,111,71.15333,1267127
59.997,2491,116.72218,43.69094,87,22.31833,1248217
59.995,2420,651.81821,507.1037,129,83.67167,1211534
59.999,1885,438.15024,378.00332,160,126.01333,948707
59.992,2067,526.45321,373.84972,151,77.81167,1041136
60.001,1926,193.10723,126.14426,134,58.90833,968074
59.991,2012,88.90153,49.39217,134,95.97,1004511
59.998,1951,225.09437,168.08009,87,74.54667,979741
60.002,1764,98.80282,45.21463,135,109.025,881721
59.993,2237,487.72128,428.61401,118,79.455,1121403
59.999,2056,157.46867,81.41644,165,101.55833,1029730
60.003,2533,675.42335,561.24982,111,70.01167,1268698
59.996,2570,423.24635,105.63729,75,62.44167,1279082
59.993,2036,292.47878,155.25006,164,90.97833,1022777
59.999,2151,347.81358,215.44237,138,82.93333,1085220
59.99,2847,685.63261,172.91467,72,57.37333,1424729
60.002,2085,119.14935,85.0326,142,97.3,1041824
59.992,2069,172.54488,58.71832,155,81.26,1037007
59.998,2086,343.285,198.32741,136,80.04667,1042024
59.995,1942,489.14154,359.72678,157,119.17333,977173
59.999,2062,186.93564,129.88369,151,78.61333,1039709
59.99,2338,228.69092,107.10116,91,63.14167,1176133
59.991,1936,461.41034,408.0508,170,117.095,971741
60.002,2700,324.2268,200.49605,132,62.805,1363544
59.99,2473,673.08078,568.28401,124,62.85,1240221
59.996,2246,749.94501,660.44209,113,90.31,1127451
59.996,2327,339.62757,289.82794,129,92.12,1168923
60,2257,623.18043,482.18491,135,104.86667,1140329
59.995,2175,641.0173,388.56833,135,99.58667,1092026
60.001,2175,338.69703,157.23975,131,108.585,1091010
59.992,2173,147.96602,71.86748,123,86.685,1092073
59.998,2266,133.4954,43.06291,137,70.87833,1134881
59.994,1853,381.83309,276.82629,158,117.25167,931867
59.994,1966,754.91744,638.58246,167,113.57,987438
59.99,2008,55.44086,43.00132,149,111.33,1004584
59.996,2231,53.4211,37.77231,116,69.22833,1118165
59.993,2113,383.9051,174.44674,136,82.42167,1061172
60.004,2436,197.06711,69.26706,116,58.00167,1233455
59.994,2080,245.59533,185.04274,123,85.18167,1049857
59.993,1950,129.49296,92.91974,175,100.40667,977901
59.99,2386,410.22107,276.181,134,70.79833,1198955
59.998,1881,244.8843,155.67791,131,86.305,947524
59.996,2225,443.75502,383.95763,127,102.62,1109548
60.004,1994,340.57183,283.30689,158,119.735,1002596
59.996,1833,336.77856,212.10351,156,110.33667,921223
60.003,1981,376.93343,270.18051,145,82.22833,997583
60,2362,327.04298,257.95361,106,85.44,1178851
59.998,1877,126.33354,70.41789,165,95.14,940734
59.994,2372,162.3703,90.72701,110,42.65833,1185406
59.996,2122,264.39798,179.4147,132,74.71333,1064272
60.001,2126,110.46619,66.22122,116,49.07833,1061968
59.999,1992,417.4433,369.89723,144,105.355,1002654
59.99,2138,114.17274,47.61488,117,83.80833,1073934
59.99,2053,90.33832,37.88913,163,149.91167,1028462
59.992,1673,319.28428,181.50803,156,103.10333,842619
59.99,2164,97.69441,67.80099,173,80.55333,1081843
60.002,2267,429.93819,363.96922,126,92.90333,1139949
59.993,2232,110.40251,52.53317,111,76.68333,1116524
59.995,1802,125.8428,92.14765,161,109.44333,903126
59.998,2254,738.561,651.6887,93,76.81333,1140605
59.993,2158,620.94198,567.46486,114,99.96833,1083691
59.995,1722,243.06516,214.83946,159,110.54,867024
60.001,2072,681.17504,606.48059,122,106.95167,1041455
59.99,1816,482.47985,342.77232,169,100.19833,920781
59.998,1782,525.3632,382.85669,139,112.79667,898082
59.991,2042,447.6773,346.09722,183,50.00667,1031918
59.993,2094,273.41838,233.49994,160,91.43667,1051240
59.995,2338,831.54984,727.22968,124,89.86833,1181655
59.998,2059,271.66502,114.31699,118,68,1034202
59.993,2264,149.08492,64.89883,161,83.345,1143800
59.996,2400,525.24485,368.34744,102,62.55167,1213607
60.002,2152,211.15765,47.73448,129,94.59333,1076397
60.001,2013,760.1929,682.37766,150,114.415,1013695
59.995,1908,349.98946,274.51541,132,110.35333,957858
59.99,2418,193.24098,58.7376,107,57.78167,1214285
59.999,2250,473.65996,402.3585,127,92.38333,1127873
59.992,2173,472.13996,402.6889,172,110.75,1094959
59.993,2194,129.51734,52.22118,85,61.255,1100942
59.996,2811,330.45698,144.31907,98,56.865,1418364
59.995,2620,363.75654,316.89803,104,73.325,1311572
60,2629,144.423,50.82242,76,45.50333,1312903
59.999,2349,360.55134,256.1374,126,85.37833,1179817
59.994,2364,898.98426,712.93923,141,94.795,1188562
60.003,2681,632.97799,420.95432,129,62.97167,1349796
59.999,2112,63.52365,40.38483,120,63.925,1054075
59.996,2149,284.83715,225.56694,134,90.28667,1076065
59.991,2096,273.88064,173.00991,133,70.785,1056580
59.994,2444,493.81936,416.95624,137,92.68167,1230873
60.001,2265,133.85157,56.58911,114,53.12833,1134098
59.994,2488,167.43175,81.91208,128,77.665,1246780
59.997,2451,398.3397,338.41079,118,98.69333,1235053
60.003,2105,63.7387,45.13224,139,55.19667,1049131
59.99,2228,408.9868,319.40849,158,85.33333,1116581
59.995,2280,752.23982,592.66753,145,99.02833,1146654
59.998,1995,518.6998,392.73498,146,133.71667,999143
59.996,2334,384.94382,272.10957,76,60.34,1174137
59.996,1798,234.76383,194.43626,154,140.525,902232
59.99,1895,367.17771,220.71481,199,88.07667,954616
60.004,2087,885.59467,720.44319,156,126.74,1056719
60.001,2506,184.87804,127.88667,114,63.23333,1261911
59.99,2346,448.48105,341.45814,116,87.74,1182139
59.993,1741,137.18802,77.77405,154,100.66667,870363
60,2012,226.28487,150.68159,133,111.75667,1006759
60.003,2522,337.60547,112.95985,127,89.43333,1265238
59.992,2443,265.17986,125.82341,118,59.06833,1230762
59.991,2104,696.0849,592.99781,152,95.48167,1055633
59.99,2300,76.30034,40.73702,132,90.13333,1150937
59.99,1837,251.27102,145.94185,148,84.27167,923917
60.001,2092,162.27813,54.85351,104,61.49667,1050589
60.003,2119,543.30539,381.4134,158,135.805,1064082
59.994,2020,162.40562,51.19736,108,46.36667,1014989
59.995,2050,161.45728,93.95256,140,65.87833,1034002
59.993,2493,591.78023,450.78867,134,54.72833,1250581
59.991,2159,71.99831,42.57422,123,92.21667,1080560
59.991,2100,119.49441,53.94277,124,68.89833,1051119
59.991,2285,177.77529,67.94184,166,79.46667,1146062
60.001,2094,438.55423,251.64107,143,91.24667,1051909
59.994,1838,88.02371,46.14259,150,85.15,919716
60.003,2322,684.87513,610.76968,123,71.00667,1166762
60,2298,297.42102,257.42361,139,100.495,1153250
59.99,2386,126.02872,87.17847,89,23.395,1196428
59.995,2087,384.1425,107.21024,155,82.34667,1053322
60.004,2289,191.2745,87.65094,106,59.48333,1157201
60,2332,311.65562,235.00977,122,75.12333,1174923
59.993,2495,332.13041,258.66425,112,68.235,1254792
60,1924,189.25128,115.23859,153,93.47,962268
59.998,2006,120.40159,53.03127,150,114.96333,1005147
59.999,1827,58.93381,41.61438,166,119.33333,911766
59.999,1909,286.41641,182.14308,148,81.935,956741
59.993,1998,232.32309,153.68805,83,52.29,1004489
59.991,2244,682.22948,558.07058,137,101.80167,1127962
59.99,2558,298.07854,235.61339,94,56.71,1280584
59.992,1924,657.79207,450.08211,154,131.61833,967634
60,2324,305.2972,185.36788,127,85.04333,1165176
59.992,1740,427.65013,303.6947,183,156.70167,876249
59.999,1937,463.67929,368.46808,147,101.12,973509
59.996,2260,456.93267,371.2529,91,55.38667,1130791
59.99,2368,307.87976,241.06939,92,61.29667,1194757
60.003,2054,356.70758,301.44314,153,100.15667,1031170
60.004,1954,214.55341,94.85902,120,83.04667,978335
60.001,2036,83.95334,46.23824,152,89.495,1018177
59.997,2469,615.45362,410.85496,100,88.15333,1236051
59.99,2179,502.61918,376.19748,143,71.27833,1099870
59.998,2582,562.35644,393.55676,110,82.69333,1296706
59.998,1916,210.21309,165.39787,130,98.69667,964055
60,1955,280.43797,168.63369,152,90.15,978496
59.995,2253,339.25536,274.79773,146,118.215,1130375
59.996,1969,424.07732,284.82698,123,85.57,990577
60.001,2438,137.75765,75.068,117,63.38833,1222346
59.995,2266,386.10021,331.23163,98,83.73833,1137710
59.996,2138,140.50254,47.3627,125,86.56,1068775
60,2849,179.35219,54.74239,115,54.79167,1433918
59.992,2531,556.92596,383.70996,110,64.18,1267038
59.995,1982,293.7827,247.3204,165,100.78833,994496
59.996,2297,532.78242,363.6578,112,85.22833,1152364
59.995,2058,123.52692,66.1126,154,92.77333,1029175
59.999,2132,173.29765,129.026,150,98.505,1067912
59.995,2490,228.64411,63.82985,124,66.125,1253180
59.993,2126,557.33877,463.10018,126,105.14833,1071094
59.994,2089,421.23999,337.59335,144,125.865,1045673
59.99,2005,174.91808,82.61033,150,77.165,1003799
60.002,2119,467.02689,387.75236,114,63.92333,1068705
59.99,1788,474.19401,378.60648,144,106.425,898873
59.993,2302,503.55839,341.0855,154,96.13,1158160
60.001,2163,186.88078,108.70647,100,62.30667,1084059
59.99,1931,349.16411,183.97484,119,94.17333,968356
59.99,1923,82.25307,44.31561,164,92.24667,961535
60.004,2151,388.33648,316.10398,142,91.28667,1083152
60.003,2164,201.48283,63.20934,122,88.40167,1085436
60.003,2163,225.76385,173.43229,134,96.56833,1082462
60.004,2328,290.86412,111.33328,136,84.07,1167653
59.995,2312,674.71699,617.74763,128,108.45167,1163989
59.996,1927,155.10356,45.16411,163,125.30333,964038
60.008,2224,474.77801,427.09104,157,93.62167,1115632
59.992,1888,79.19323,43.46605,149,122.08,944039
60.001,1926,585.95986,484.65898,128,95.27333,972239
60.002,1753,618.56265,418.13465,190,154.20667,883420
59.998,1948,260.41895,163.96647,182,77.62,975770
59.99,2069,514.9964,401.9882,139,110.27333,1044054
59.99,1767,651.22736,495.96566,162,108.03167,891597
60.002,2358,228.50379,65.63306,100,75.435,1193867
60.003,2071,240.81205,55.46468,110,95.265,1035190
60.002,1887,105.71633,53.63472,180,104.385,944422
60.003,2180,143.91693,87.30188,132,79.41,1091211
59.993,1926,405.29912,306.5269,151,97.35667,967061
59.996,2126,143.50151,117.62012,159,107.09,1063927
59.99,1838,435.83043,377.05677,193,135.69167,923203
59.997,2097,456.4812,369.3149,131,92.37333,1047383
59.994,2055,678.48001,527.12797,147,117.96667,1033739
59.998,2191,919.52381,799.41582,173,122.155,1097116
59.996,2426,499.12925,354.00202,112,88.32167,1221676
59.999,2059,517.60333,438.54258,107,85.11333,1034483
60.003,1774,136.46632,105.34331,170,84.00667,887438
59.995,2397,392.53812,313.0511,150,85.21667,1205828
59.994,1789,261.95937,161.68861,161,134.35667,896211
59.993,2345,661.98832,555.29317,117,79.36,1180970
60,2207,316.51434,237.38312,104,66.78333,1110807
59.998,2112,188.68245,81.33142,167,108.625,1059710
59.995,2006,550.37757,435.02459,199,165.65333,1007407
60,2538,303.59701,192.7583,113,40.38833,1279195
59.99,2422,229.03601,163.37876,139,62.96833,1212810
60.004,2051,109.75808,62.97097,150,88.49333,1025036
59.999,1980,145.17986,102.26493,130,51.68833,993117
59.992,2126,328.79365,260.29678,160,73.32,1062520
59.997,2021,215.8814,151.02959,132,66.63833,1019893
59.993,2503,260.66394,108.76862,132,75.285,1263171
59.995,2117,180.91759,54.50859,134,77.515,1062187
59.999,2182,449.4208,345.12952,136,65.17333,1094013
59.99,2407,554.32179,419.29579,126,100.75667,1209573
59.998,2645,361.48139,274.63751,103,47.73667,1326195
59.992,2173,795.04092,674.2503,141,100.70667,1096931
59.995,2131,366.92536,322.22979,122,82.895,1064343
59.995,2083,240.54027,119.85381,182,113.49667,1043162
59.992,2749,343.14038,261.00034,114,71.25333,1382656
60.003,2053,89.57194,43.14697,123,62.115,1029871
59.994,2298,783.46636,585.65062,125,94.54833,1161725
60.003,2277,411.15443,311.55112,110,73.49667,1145966
59.991,2664,299.41415,263.60028,162,88.25,1340190
59.991,2199,487.11632,391.34067,170,77.27667,1104239
59.996,2238,242.24702,126.08472,92,63.86,1125400
59.991,1811,723.98053,556.53417,161,120.34667,910965
60,2760,785.12019,594.19851,110,91.24167,1394799
60.002,1914,185.82281,78.36393,146,91.86167,961472
59.998,2135,447.93403,293.79551,99,82.035,1070323
59.999,2267,101.94725,65.13109,88,37.06833,1136057
59.99,1939,494.33257,417.68408,157,99.64833,975199
59.99,1882,650.06487,554.03896,145,124.80167,947673
59.99,1747,319.03456,262.02283,189,119.68833,876587
59.997,2149,269.6542,167.46342,89,68.96833,1072843
59.991,2079,256.36494,170.11993,104,56.875,1039010
60.002,2208,99.5789,48.77347,141,88.48167,1101241
60.01,2172,278.70084,201.0448,112,80.36333,1087896
59.993,1938,491.58884,404.23124,140,123.78167,972486
59.991,2369,254.80112,195.70725,151,76.565,1189988
59.99,2300,120.86642,44.29832,129,84.80167,1149271
59.996,2246,629.36056,231.70115,102,70.40333,1141458
59.995,1840,93.21026,56.94656,146,79.82167,920126
60.002,1650,415.5969,308.44331,191,141.61333,827254
60.003,1931,151.70183,53.88123,121,94.805,969045
60.013,2241,76.1413,43.95867,131,82.62167,1116890
59.993,2185,319.9877,131.25427,97,49.48667,1101312
59.991,1801,162.27642,57.95033,168,108.64333,902807
59.996,1939,85.72905,48.18519,142,102.315,966776
60.003,1758,143.09587,80.06077,161,104.32667,881466
59.992,2054,384.32089,278.32006,85,78.905,1031169
59.992,2585,643.74745,447.18033,119,93.26167,1307045
59.99,2148,273.41443,160.33726,86,69.49167,1081150
59.993,2044,231.5611,97.55335,130,89.515,1027126
59.997,1979,298.14234,146.67161,115,72.84833,998469
59.995,1984,127.52204,45.55725,135,90.095,998468
59.995,2429,182.35821,129.72046,99,50.80333,1225774
59.998,2360,245.90115,206.85164,110,76.74333,1188786
60,2133,216.129,60.21942,142,64.80333,1065464
59.998,2011,119.23641,100.12063,144,86.85833,1011070
59.995,2025,222.8214,92.27515,168,78.71833,1015625
59.994,2067,291.9258,261.87382,194,97.38833,1039657
59.99,2253,856.97705,733.60844,135,99.59,1137320
59.991,2030,229.07471,131.03071,134,89.47833,1023219
59.998,2030,364.27971,229.97043,184,74.63667,1025343
60.004,1755,446.45864,385.35701,157,118.45,882146
60.002,1886,420.24741,335.49564,144,108.04,949333
60,2507,409.77852,302.66632,121,62.97667,1257219
59.99,2042,153.76153,62.27311,137,99.255,1021955
59.998,2147,389.41989,319.10868,124,104.64,1078648
59.99,2454,351.30347,166.35627,92,42.10167,1229111
59.991,2398,437.8532,378.3554,140,66.24667,1201529
60.001,2537,309.97896,186.13631,99,52.78333,1275843
60.002,2388,505.17306,305.7643,130,99.73333,1200536
60.001,2078,504.40938,381.12707,116,92.37167,1045957
59.996,2147,385.39179,313.95065,151,102.98333,1081088
59.995,2094,50.65161,41.22616,169,120.19167,1046777
59.998,2258,596.55406,485.47919,111,98.25167,1133823
59.995,2219,245.23975,215.24828,140,98.90333,1117223
59.996,2224,616.79701,523.3628,149,117.81,1117168
59.991,2004,822.38296,729.13618,172,142.47167,1009113
59.999,1815,270.60414,152.18888,175,123.79,909415
59.992,2127,253.03231,171.23568,102,77.07333,1066958
60.002,2169,211.30851,148.57861,83,77.02,1088888
59.992,2183,121.36304,73.0069,116,90.40667,1090699
59.996,1899,74.74686,52.04726,163,93.37667,951886
60.004,2045,828.8326,666.91462,161,124.37333,1030193
60.003,2664,242.93945,56.42487,111,65.22,1340548
59.998,1921,159.15578,78.44525,156,88.51333,964686
59.997,2175,395.92963,301.37802,87,45.06167,1091013
59.991,2078,262.24375,156.35316,137,95.07167,1045061
59.994,2018,119.15039,47.21009,108,80.28,1008543
59.995,2281,323.40986,253.01382,112,64.995,1145395
59.999,2276,322.44433,213.78193,92,52.16333,1144025
59.997,1777,454.50849,296.94649,166,110.25167,892958
59.99,2168,198.83763,44.8248,169,88.68167,1087207
59.998,1888,236.56359,198.95816,133,96.52833,945048
59.994,2200,661.08795,566.7681,125,61.265,1103896
59.996,2335,232.47091,62.545,82,66.92667,1177391
59.994,2195,575.51934,463.09529,131,93.00333,1112430
60.003,2383,286.82095,154.9735,112,64.29833,1202894
60.003,2232,114.43478,69.42221,122,74.68,1121427
59.999,2368,706.67406,560.41759,127,89.07833,1190353
60.001,1808,354.62288,125.53085,168,119.88667,905159
60.004,1956,178.05699,94.8476,162,101.07667,985497
59.99,2064,285.5941,152.26487,146,59.78667,1039884
60.003,2251,237.11819,184.02125,128,48.90167,1128847
59.996,2314,151.3604,76.95028,119,71.80833,1156822
60.002,2163,171.17688,52.86029,105,40.01,1080023
60.004,2013,221.07064,146.78203,174,71.69667,1009826
59.996,2627,395.73317,296.89319,106,51.15333,1323067
59.991,2178,748.30224,516.23821,98,70.19833,1093376
60.002,1957,802.10061,559.83321,152,126.37167,989101
59.995,2266,393.32697,256.57402,131,61.85667,1144178
60.001,1925,179.69702,75.20036,139,102.69667,966218
59.998,2421,404.99003,212.27777,108,60.125,1213749
59.997,1964,115.74476,70.55613,111,43.09167,980849
60.004,2001,252.62465,124.78123,141,70.39,1001488
59.993,2449,183.80953,126.70349,83,59.35833,1232724
60.001,2025,93.69277,48.2139,191,95.435,1012111
60,2085,159.25281,130.07701,136,85.12833,1045510
59.994,1729,564.60406,518.65465,154,140.725,868069
60,2289,90.89134,50.78424,124,73.96667,1144667
59.997,2272,185.98853,58.4972,110,82.63667,1141237
59.991,2302,580.45505,516.08754,176,104.64833,1152578
59.994,2358,318.24052,241.59673,123,49.41667,1184948
59.995,2416,249.53937,110.52009,91,35.13333,1214775
60.046,2263,225.08564,52.60932,116,86.34167,1132453
59.998,2134,111.00528,42.90982,134,109.405,1066603
59.99,2430,392.44054,253.69379,129,65.86,1229871
59.997,1920,337.11416,174.22284,155,112.78167,964929
59.996,2400,48.4267,42.62975,139,89.91333,1198606
60.002,2230,302.52939,94.02692,109,73.56833,1119140
60.003,2274,318.72528,185.77745,128,88.09167,1135858
59.992,2002,117.75496,86.39578,110,86.57167,1002207
60,2192,360.83267,253.91879,121,64.6,1104156
60.001,2274,548.52801,454.12642,139,100.87667,1141995
60.002,2314,479.09016,336.7864,91,72.375,1162032
59.992,1913,222.2858,147.4453,154,82.96333,957837
60.002,2000,145.2923,111.36295,146,116.41333,1002773
60.003,2222,733.65955,614.49827,78,64.76167,1112042
59.999,1841,144.27133,70.64887,146,73.1,922607
59.998,2135,110.3254,41.68056,125,109.35167,1066817
59.992,1911,557.51263,407.50155,154,75.94833,960377
59.99,2040,651.54929,504.35084,127,97.77,1027577
59.999,1698,938.2411,703.17495,142,123.86667,856079
60.001,2093,536.57091,397.53168,138,110.67333,1055315
59.996,2436,772.08141,655.03284,136,79.76,1222077
59.998,2048,127.67461,60.4679,143,52.13833,1024544
60.001,2022,574.16037,348.30968,146,75.76,1019601
60.004,2248,279.03655,107.79362,105,65.3,1132037
60.004,1745,205.52104,179.34619,183,168.32167,876445
59.999,1893,69.11889,40.17584,151,100.27333,943473
59.997,1790,254.29497,173.76844,155,89.11333,901010
60.001,2046,246.64402,93.63775,134,59.72167,1024413
59.99,2041,781.61566,698.92526,165,116.37667,1024003
59.996,2326,338.39359,170.43398,76,49.79,1171158
60.004,1967,311.29494,254.95002,117,81.025,988109
59.998,2140,266.63899,216.29856,118,58.60833,1072018
59.994,2326,144.62952,87.38292,117,42.23167,1171693
60.001,2068,106.41762,62.44853,182,115.06833,1037204
60.004,2336,273.71211,54.96748,119,63.59333,1167151
59.994,2096,343.69248,276.1041,115,88.245,1058748
59.999,2417,642.69268,478.48802,117,81.99333,1215573
59.991,1781,485.13201,430.20711,149,129.95833,894361
59.995,2717,266.1218,102.69439,114,78.70333,1365474
60.001,1921,330.95995,262.88435,115,76.39,969356
59.996,2757,777.11845,543.94535,150,58.74667,1387618
60.045,1713,560.33262,420.05991,157,121.38,861914
59.993,2175,133.02333,63.46417,104,70.75333,1090079
59.994,2072,584.88653,496.44124,149,107.85,1039903
59.997,2002,425.3806,326.03225,145,104.36333,1005925
60.002,1894,782.28217,695.39236,141,101.825,952496
59.999,2275,808.04364,677.04507,103,82.88,1140328
59.998,2782,599.03106,362.2782,147,42.21,1386678
59.993,1903,253.39904,192.48977,121,112.235,955308
59.995,1793,73.4007,44.64937,171,85.42667,896140
60.001,2139,408.66831,236.23527,137,60.13833,1072231
59.997,2140,242.55869,85.70229,136,76.07,1073493
59.997,2097,193.0972,127.28314,131,69.805,1054621
60.003,1987,100.70309,54.38268,115,90.04667,994107
59.999,1986,229.38572,126.35261,149,68.38333,996021
60.001,1989,262.94137,203.01533,141,122.31333,994274
59.995,1993,676.04518,506.511,160,107.94167,1000572
59.999,2061,327.80336,180.97815,126,98.82333,1034766
59.992,2532,195.97852,50.55187,67,41.39333,1277135
60.001,1962,117.75324,44.38967,179,121.77833,980964
59.995,2138,480.17886,353.78921,144,68.42,1076545
59.997,1987,173.92476,112.97904,159,78.985,992609
60,2325,273.06986,203.14548,95,65.07833,1165740
59.99,2462,264.45204,64.34371,119,74.22833,1247621
59.997,1829,466.46307,386.28398,145,87.24333,919981
59.992,1799,145.82581,78.37324,163,64.465,900346
59.995,2047,150.18508,120.95295,122,55.215,1021846
60,2124,737.24321,636.72684,100,89.665,1071455
59.993,2185,329.091,256.84583,105,41.59167,1091722
59.992,2015,171.54014,58.32893,167,112.89,1014136
59.998,2193,283.5214,122.12678,109,73.26,1099416
59.995,2393,113.33864,58.33465,81,40.105,1202760
59.991,1962,249.38139,216.68315,145,104.26,982984
59.99,1971,643.54618,454.73357,145,104.58167,991192
59.998,2104,111.32633,62.2441,146,71.65167,1053272
59.994,1921,393.49708,330.87738,140,97.03833,961590
60.003,2064,221.72741,119.6228,149,95.77833,1042053
60,1945,596.39456,366.85427,138,97.105,977758
60.002,2132,651.9297,493.2244,114,84.64333,1073088
59.99,2284,103.58799,48.37781,96,50.30667,1148006
59.992,1915,420.45972,309.21347,112,58.40167,967110
59.994,2073,274.07169,125.12771,142,51.565,1042141
60,2392,316.66487,169.04219,115,64.74667,1205561
60.001,2471,652.08401,482.07779,123,77.96,1240708
60.003,2036,157.6188,61.37613,129,95.21833,1021587
60,2133,575.11421,476.21312,148,114.97167,1077984
59.996,2220,193.56731,82.31112,117,78.43833,1113688
59.995,1950,141.17584,99.41787,177,99.585,975508
59.99,2214,166.41048,89.42612,137,60.12167,1106922
59.991,2245,115.98836,45.92619,135,83.72667,1122714
59.991,1984,274.91144,194.30595,154,86.51167,999162
60,1997,314.03751,184.33656,152,127.62167,1005576
59.99,2216,241.7179,206.05122,106,73.10667,1106182
59.992,2065,85.12238,61.01657,140,96.755,1032131
60.004,2076,217.17077,95.15368,131,90.83,1037756
59.994,2349,133.16607,45.70153,133,118.455,1178179
59.998,2113,489.64422,373.97109,147,103.225,1061650
60.004,2251,850.14087,722.49059,104,87.29333,1137591
59.998,1850,403.24694,331.45039,165,119.31,928941
60.003,2004,714.54458,521.23354,145,94.23,1009158
59.997,2092,874.19742,734.03011,168,92.97,1055785
59.996,1889,151.83708,125.47652,171,80.12167,946831
59.991,1875,246.50578,177.25358,146,92.49,939594
59.997,2561,693.1945,557.58012,106,60.73667,1289263
59.996,1970,433.41278,371.51701,120,105.81333,992940
60,1966,697.42228,502.99677,179,114.17667,990516
60.001,2190,510.26751,396.94154,118,97.65667,1096843
60.001,2247,746.70656,656.87682,173,121.98167,1127113
59.991,2093,642.66616,498.91875,152,115.00167,1048512
59.998,2103,296.88052,129.15303,96,29.97167,1055466
59.998,2961,268.22677,76.52568,97,54.76833,1485774
59.997,2910,879.15876,330.58181,89,44.08833,1470201
60.001,2036,227.11819,123.95113,139,94.87167,1021450
59.996,2235,688.65503,549.33595,154,80.25667,1124946
59.991,2642,572.06807,464.63716,127,85.785,1324472
60.003,2063,125.91393,45.25572,141,87.755,1031588
59.991,1910,66.20769,49.74974,181,118.26333,956069
59.995,1839,335.97895,284.3605,152,88.55667,921798
59.99,2215,768.9059,636.01922,166,119.91833,1113023
59.998,2097,229.92133,153.29725,185,95.61833,1049691
59.998,2227,156.14918,89.84983,145,92.545,1113150
59.995,2174,333.96623,202.3557,149,69.22167,1092238
59.992,2111,153.99398,114.31185,120,86.94,1058392
60.003,2062,244.64756,83.0297,85,76.58333,1036584
60.002,2534,395.31895,260.05668,120,50.57,1274175
59.994,1816,315.88209,289.02826,157,134.53333,906293
59.991,2102,237.20521,163.5434,119,47.28833,1050875
60.002,2287,552.4293,429.57659,163,84.58167,1153300
60.004,2224,228.26168,126.97601,104,70.43,1113925
59.992,2598,200.31115,92.67147,102,42.02167,1312184
60.001,1867,78.94027,41.74924,162,114.75833,932387
59.995,2263,99.12955,58.20279,166,103.46333,1128696
59.993,1985,295.58662,206.34612,108,68.68,994610
59.994,2249,361.27764,300.9365,118,50.42833,1123273
59.992,2176,129.27794,46.31353,110,84.69,1095075
60,1942,105.99991,56.18374,131,66.20833,971509
59.992,2079,666.27244,565.39739,125,72.97,1042986
59.994,2467,340.45474,286.13009,140,78.23333,1236825
59.995,1887,780.99177,695.6568,138,108.285,950871
60.004,2093,270.56284,230.70451,142,87.4,1053406
59.99,2211,196.13839,120.44651,115,51.80667,1106744
60.003,2347,153.64638,62.48558,77,56.88833,1180390
59.991,2698,221.59079,131.53806,105,67.95,1354156
59.99,1886,218.8439,123.06745,126,82.57833,946118
59.999,2423,380.49635,272.04647,110,62.225,1216575
60.001,2240,324.49893,127.33904,129,59.95667,1121413
59.995,2130,165.12702,83.01909,166,65.525,1070417
59.993,1865,261.27573,171.7314,144,111.69667,936649
60.003,2190,370.26935,292.89141,124,102.8,1103424
59.994,2015,84.60716,41.65808,153,88.95167,1005541
60.001,2246,132.16022,49.82919,131,85.19333,1127849
59.991,2201,210.40779,132.7805,144,96.14667,1099059
59.998,1840,80.1719,45.39808,149,131.00667,920768
59.998,1918,311.78225,242.44959,136,73.78333,958954
59.997,1893,481.37691,425.02889,163,115.565,949671
59.996,2004,75.15184,44.7788,138,96.44333,1000139
59.991,2309,410.20176,266.62654,127,103.48,1158749
60.003,2287,182.26564,126.27909,94,53.195,1149347
59.998,2281,501.14099,435.25653,137,118.07,1149725
59.999,2016,319.73757,231.60974,136,116.1,1016595
59.997,2550,559.52259,407.45266,132,108.25167,1285386
59.991,2128,141.86536,74.00849,153,101.00333,1070286
59.996,2389,598.8568,484.83952,129,78.55833,1205147
59.995,2054,241.09442,82.2731,128,71.73333,1031223
59.991,1889,516.67024,404.36981,136,112.28667,947065
59.993,2778,358.49064,115.55207,93,56.48,1406953
60.003,2051,501.45794,375.34704,161,115.94667,1035137
59.993,2489,692.54327,569.38483,116,78.955,1245569
60.003,1903,650.13788,416.11586,136,95.165,954086
59.992,1941,770.80834,534.59992,179,118.74333,977720
59.999,1994,679.13785,570.70845,135,49.855,1006912
59.995,2355,48.32587,43.86802,138,81.07,1176672
59.997,2304,205.95061,163.76324,152,80.82167,1158561
59.99,2182,305.66945,280.0167,135,94.40833,1093231
59.993,2322,155.45091,81.24205,159,79.06667,1163350
60.002,2000,310.45523,193.54629,151,96.38333,1004862
59.99,2327,208.04919,159.94103,110,97.35667,1175621
60.001,1968,399.30696,331.79816,132,98.29667,991376
59.996,1930,243.06436,154.27857,152,82.54333,967086
59.991,2002,536.61387,425.28086,124,87.92333,1005688
59.99,1844,818.89408,624.89469,181,133.96833,925972
60.004,2004,325.67978,224.01508,122,70.34167,1003740
59.993,1790,354.36836,283.64077,156,107.895,899000
60.002,1976,496.66245,399.48785,164,80.23167,993726
59.991,2048,143.72776,54.26793,125,88.485,1027893
59.991,2239,233.27334,60.30932,119,79.00333,1123318
59.99,1993,65.06495,41.37814,176,115.87333,994728
59.998,2718,425.46546,292.52899,78,60.18,1370752
59.99,2417,646.75878,455.72516,128,83.48833,1216212
59.997,2216,707.43127,584.71594,124,47.06333,1121007
59.993,1943,398.56555,333.29405,146,96.63833,977130
59.998,2543,681.60581,416.33131,138,72.57333,1278945
59.99,2356,490.20004,252.53305,113,40.83333,1178980
59.996,1958,91.69529,42.71866,131,71.68,979661
60.001,2271,330.26488,256.32951,117,72.07833,1144154
59.992,2611,484.46192,339.23519,99,88.42667,1312492
60.014,2365,675.43365,541.98858,134,88.19333,1188005
59.995,2081,156.99857,66.91976,112,71.05333,1043827
60.002,1772,104.67218,47.46998,171,84.73667,886800
59.99,2145,291.92746,242.50854,127,87.165,1076827
59.994,2236,276.89086,87.768,117,74.61167,1124995
59.99,2059,505.74874,414.74797,124,94.22833,1029183
59.994,1957,95.03563,50.16216,169,89.21833,979354
60.001,1982,390.95212,296.88658,149,82.14333,996107
60.001,2199,266.39715,214.3571,116,97.79667,1101301
59.993,2000,115.83707,54.83112,175,90.21,998960
59.99,1882,557.51566,496.44643,149,123.19333,944550
59.995,2160,436.27549,355.20393,145,95.825,1085864
59.99,2025,726.03764,555.26932,137,79.30833,1017936
59.999,1991,716.16798,543.72705,145,93.71667,1002715
59.993,2021,419.70035,312.4953,141,88.34,1014847
60.001,1948,307.77713,201.95342,125,95.16167,977767
60.009,2635,138.99171,66.64783,137,82.01333,1324715
59.992,2105,103.14238,65.02501,139,68.57333,1050979
60.001,2009,476.54634,404.5467,179,101.24333,1015593
59.99,1845,431.28825,321.39547,160,122.88167,925513
60,2075,189.26981,111.71947,166,76.735,1041313
59.994,2169,111.28955,72.56637,155,89.21333,1083509
60.003,2275,331.33634,251.36069,98,77.24,1143728
59.991,1718,436.84641,357.64816,153,117.61833,861900
59.991,2460,233.23823,46.11095,100,82.34833,1235258
60,2215,812.28386,670.35443,159,116.13167,1114341
59.998,1850,104.1259,47.19525,166,130.28667,926188
59.99,1874,164.24645,112.31931,184,107.85667,938107
59.996,2157,174.29116,85.41437,138,36.33667,1082562
60.001,1986,536.34662,404.91506,140,92.99333,996511
60,1965,165.40847,111.56767,139,90.94667,987765
59.995,2425,461.74377,233.8604,114,49.39833,1222141
60.001,1841,182.95499,154.31667,190,119.16167,919529
59.996,1894,192.15802,160.79306,139,95.16167,954317
60,2118,117.64606,45.89885,133,85.07167,1057958
59.992,2310,360.94276,260.58467,120,68.74333,1159850
59.994,1912,144.06304,76.21096,165,98.59167,956844
59.99,1835,658.54397,559.07434,156,110.92667,922841
59.999,2474,839.42748,706.8347,113,84.84667,1243811
59.998,2080,46.504,41.34341,136,89.56833,1039474
60,2484,802.93274,607.82726,108,64.84333,1249055
60.003,2146,175.9947,144.97823,149,70.875,1073842
59.999,2254,365.80911,330.1539,111,90.22333,1129558
59.994,1976,46.52878,40.66681,154,96.44167,986775
59.99,2112,136.99765,62.75132,125,68.45167,1053946
60,2120,104.77908,38.19305,181,96.105,1061378
59.998,1914,158.65212,67.64406,164,85.27167,961606
59.994,1962,243.82725,183.37634,102,78.25667,987122
59.999,2383,331.87734,265.23808,126,62.65167,1199815
60.001,2179,171.12606,49.78639,103,55.10167,1089461
59.996,2039,338.50387,151.13699,126,85.71833,1022274
59.992,2249,227.54127,121.13943,107,59.25667,1138866
59.991,2092,549.97357,423.90797,120,87.69333,1054768
59.995,2593,297.00002,230.85281,91,48.73333,1317277
59.992,2116,127.6141,48.05372,88,57.36333,1061800
60.002,2117,122.08473,49.32607,121,91.725,1056241
60.002,2046,89.62391,42.36984,151,91.73167,1024783
60.003,2786,429.94584,288.14353,88,71.80167,1391091
59.996,1959,204.09845,68.52849,135,86.99833,982208
59.993,1987,596.37981,399.01981,142,104.04,1001247
59.996,2404,211.53671,59.36363,122,86.04833,1207759
60.004,2070,453.244,323.07551,136,96.57833,1043228
60.002,1797,262.10439,160.98836,136,74.255,903469
59.999,1884,188.72729,120.71411,167,111.96667,945339
60.002,2260,263.40396,213.04417,146,86.26,1140800
60,2052,128.46916,63.92923,164,93.20833,1025339
60,2263,271.31928,117.96061,100,53.41333,1138461
59.999,1884,278.33148,180.95405,132,84.40167,944914
60,2130,268.79071,172.9967,113,86.99833,1068113
59.999,2472,685.9484,554.92537,131,91.31333,1239323
59.991,2411,572.15053,475.57397,172,82.64667,1215631
59.994,2022,100.02347,47.38691,139,72.43333,1011499
60.001,2187,117.10623,43.79336,118,69.05833,1090892
59.991,2133,211.13312,162.87456,118,82.26667,1066545
59.99,1879,406.38238,305.68236,177,71.26167,949478
60.001,2358,230.05859,59.35449,126,87.76,1183097
59.997,2087,188.27202,131.01743,149,74.38833,1052678
59.996,1996,450.45509,356.57733,131,93.05833,1006247
59.99,2145,275.12476,105.07008,96,41.53,1076715
60.001,3059,682.51822,515.40622,90,71.07833,1538900
60.001,2021,302.57333,242.01059,138,116.445,1008951
59.99,2116,211.68158,180.15015,140,93.88333,1062875
60.004,1946,65.27019,45.18371,141,78.46833,972332
59.99,1739,226.51296,174.85186,220,117.51833,870533
59.993,2160,822.16843,634.00146,159,103.73,1084032
59.995,2040,401.57013,328.47207,161,78.79167,1021890
59.996,2240,435.17422,375.85351,117,75.285,1123482
60,2233,393.69659,237.84059,134,90.45667,1120757
60.003,2184,629.55875,483.93989,139,91.82833,1097304
59.998,2151,698.5565,532.79956,132,85.21,1091492
59.999,1899,84.5303,50.41491,144,82.18833,948986
59.991,2422,281.8015,73.33522,143,108.74,1217107
59.99,2060,68.30521,44.09994,160,91.04833,1029802
59.998,1825,388.63088,281.25314,151,112.15167,912084
59.996,2261,273.18353,147.38837,113,76.355,1138114
59.995,1998,263.81885,220.24849,149,116.465,1001879
60.002,2185,148.64038,85.43431,91,75.025,1096597
59.995,1983,644.82055,454.99452,139,109.74667,1001126
59.993,1955,84.10804,45.60364,145,104.13167,979211
60,1985,90.5303,47.36029,162,143.87,995106
59.99,1818,390.01039,311.6568,165,95.25333,915334
59.997,2106,297.77254,210.10733,115,78.20833,1056090
60.004,2224,197.62561,105.22751,130,62.87167,1111339
59.998,1827,121.89085,58.99725,156,111.675,916238
60.018,2019,208.43826,74.05748,125,89.43167,1010690
59.996,2493,368.89286,284.25836,103,61.60333,1251454
59.998,2328,123.13046,43.85361,122,84.97333,1162229
59.996,1993,455.34746,373.9858,119,101.57667,1006633
59.999,3245,662.18744,505.85474,67,50.36833,1613177
59.999,2065,140.98124,60.62558,182,100.75,1032296
60.003,2218,292.30997,203.67813,127,99.80833,1119975
59.996,1912,644.50957,560.69164,140,116.60167,961332
59.993,2094,95.46181,51.79388,151,111.965,1048307
59.999,2492,267.38549,92.58364,93,63.96,1254833
59.991,2198,159.31788,49.14742,132,88.30333,1100984
59.993,1924,421.27756,342.98563,134,85.87333,969933
60.002,1986,306.82869,214.95887,146,92.96667,1000930
60.001,1766,485.1467,352.70511,176,73.79167,892743
59.998,2396,569.82451,480.77254,139,97.415,1201055
60,1921,356.00713,242.2673,128,112.05833,961854
59.998,2526,141.51638,45.06466,98,57.28667,1269744
59.999,1979,226.62384,149.75251,159,82.76333,993491
59.998,2154,166.91503,52.37715,153,94.24833,1081747
59.999,2481,835.0121,603.2895,143,59.63,1251919
59.996,2428,357.66242,133.1745,120,54.68833,1217148
59.994,1787,396.93948,288.39308,167,113.29,894858
60.006,1994,160.11738,52.9585,154,97.55,998189
59.998,1939,860.09729,676.65646,153,83.41833,976436
59.99,2162,249.98041,208.23715,144,103.83,1084213
59.995,2201,142.24975,63.77237,130,78.17833,1105144
60.004,2497,394.11798,318.37156,137,53.57167,1251007
59.991,2281,363.01262,210.24755,115,62.81,1151118
60.002,2170,91.09299,54.80144,129,86.94667,1085811
59.991,2404,512.02324,410.70821,115,81.22833,1209170
59.994,1990,140.77613,79.39595,140,116.32167,997100
59.991,2060,390.35131,311.50203,147,102.215,1037717
59.997,1882,104.23954,45.62475,97,88.51167,941831
59.996,2185,177.80012,77.28857,111,81.86167,1101000
59.993,2543,417.42999,341.3999,148,69.41333,1273156
59.993,2146,810.28099,687.87966,133,120.87167,1073696
59.997,2699,272.09923,195.4736,152,84.53667,1370990
60.001,2673,190.44006,49.40313,90,69.26833,1340997
59.992,1689,205.81817,133.96333,184,119.06333,846752
59.992,1795,182.876,80.41328,163,102.07167,898508
59.997,1948,416.78787,207.902,145,77.28167,978441
60,2087,452.24461,323.91496,122,89.4,1046418
59.994,2464,371.31463,136.17956,108,66.135,1249977
60.002,2087,598.94312,490.29694,143,89.07333,1058248
59.99,1999,282.64562,178.08587,135,86.07667,1004641
60.004,2200,621.45254,545.34546,166,90.015,1106847
60,2692,487.32871,185.07715,137,69.425,1346609
60,2106,289.00267,221.75787,142,80.83833,1058718
60.002,2054,128.56511,55.84321,175,86.88167,1025797
59.994,2720,296.35243,231.45912,134,59.535,1363883
59.995,2157,128.50034,45.40498,147,76.61333,1078895
60.001,2140,482.56874,319.82345,104,57.55,1076009
59.996,1955,713.89008,566.78683,163,122.56333,988165
60.003,2269,128.73943,44.3397,129,80.51167,1137162
59.992,2310,308.19615,185.59543,133,91.67,1159539
59.992,2100,259.80674,129.55746,77,60.13833,1055204
59.996,1978,490.9411,379.76098,167,119.45333,994463
59.999,2056,251.14179,149.43396,123,59.79333,1028836
60.003,2298,168.78902,91.43503,139,75.23667,1156710
59.997,2237,614.26786,523.26853,155,111.10167,1126129
59.991,2268,131.72371,61.4832,145,97.93667,1135420
59.997,1698,335.91318,265.43126,152,124.01167,854991
60.004,2047,68.39355,40.18275,171,116.26833,1022034
59.999,2203,123.4583,58.905,161,93.435,1098096
60.001,2036,337.63726,229.29081,110,73.75667,1019830
59.998,2277,225.46566,82.20396,122,80.47,1145813
59.997,1979,116.98466,60.22563,151,88.40667,989639
